-- --------------------------------------------------------
-- Host:                         103.15.226.176
-- Server version:               10.6.27-MariaDB-cll-lve-log - MariaDB Server
-- Server OS:                    Linux
-- HeidiSQL Version:             12.17.0.7270
-- --------------------------------------------------------

/*!40101 SET @OLD_CHARACTER_SET_CLIENT=@@CHARACTER_SET_CLIENT */;
/*!40101 SET NAMES utf8 */;
/*!50503 SET NAMES utf8mb4 */;
/*!40103 SET @OLD_TIME_ZONE=@@TIME_ZONE */;
/*!40103 SET TIME_ZONE='+00:00' */;
/*!40014 SET @OLD_FOREIGN_KEY_CHECKS=@@FOREIGN_KEY_CHECKS, FOREIGN_KEY_CHECKS=0 */;
/*!40101 SET @OLD_SQL_MODE=@@SQL_MODE, SQL_MODE='NO_AUTO_VALUE_ON_ZERO' */;
/*!40111 SET @OLD_SQL_NOTES=@@SQL_NOTES, SQL_NOTES=0 */;

-- Dumping structure for table teamclov_demo_8.absensi
CREATE TABLE IF NOT EXISTS `absensi` (
  `id` bigint(20) unsigned NOT NULL AUTO_INCREMENT,
  `tanggal` date NOT NULL,
  `jam_masuk` time NOT NULL,
  `jam_keluar` time NOT NULL,
  `mata_pelajaran` varchar(50) NOT NULL,
  `id_kelas` int(11) NOT NULL,
  `jumlah_siswa` int(11) NOT NULL,
  `id_guru` int(11) NOT NULL,
  `created_at` timestamp NULL DEFAULT NULL,
  `updated_at` timestamp NULL DEFAULT NULL,
  PRIMARY KEY (`id`)
) ENGINE=InnoDB DEFAULT CHARSET=utf8mb4 COLLATE=utf8mb4_unicode_ci;

-- Dumping data for table teamclov_demo_8.absensi: ~0 rows (approximately)
DELETE FROM `absensi`;

-- Dumping structure for table teamclov_demo_8.check_absensi
CREATE TABLE IF NOT EXISTS `check_absensi` (
  `id` bigint(20) unsigned NOT NULL AUTO_INCREMENT,
  `id_absensi` int(11) NOT NULL,
  `id_siswa` int(11) NOT NULL,
  `status` varchar(10) NOT NULL,
  `keterangan` text NOT NULL,
  `created_at` timestamp NULL DEFAULT NULL,
  `updated_at` timestamp NULL DEFAULT NULL,
  PRIMARY KEY (`id`)
) ENGINE=InnoDB DEFAULT CHARSET=utf8mb4 COLLATE=utf8mb4_unicode_ci;

-- Dumping data for table teamclov_demo_8.check_absensi: ~0 rows (approximately)
DELETE FROM `check_absensi`;

-- Dumping structure for table teamclov_demo_8.guru
CREATE TABLE IF NOT EXISTS `guru` (
  `id` bigint(20) unsigned NOT NULL AUTO_INCREMENT,
  `id_user` int(11) NOT NULL,
  `nama_guru` varchar(100) NOT NULL,
  `nip` varchar(20) NOT NULL,
  `jenis_kelamin` enum('L','P') NOT NULL DEFAULT 'L',
  `foto` text DEFAULT NULL,
  `golongan` varchar(10) DEFAULT NULL,
  `jabatan` varchar(100) DEFAULT '',
  `alamat` text NOT NULL,
  `no_hp` varchar(15) NOT NULL,
  `created_at` timestamp NULL DEFAULT NULL,
  `updated_at` timestamp NULL DEFAULT NULL,
  PRIMARY KEY (`id`),
  UNIQUE KEY `guru_id_user_unique` (`id_user`),
  UNIQUE KEY `guru_nip_unique` (`nip`)
) ENGINE=InnoDB AUTO_INCREMENT=170 DEFAULT CHARSET=utf8mb4 COLLATE=utf8mb4_unicode_ci;

-- Dumping data for table teamclov_demo_8.guru: ~82 rows (approximately)
DELETE FROM `guru`;
INSERT INTO `guru` (`id`, `id_user`, `nama_guru`, `nip`, `jenis_kelamin`, `foto`, `golongan`, `jabatan`, `alamat`, `no_hp`, `created_at`, `updated_at`) VALUES
	(87, 89, 'NOPRIZAL, M. Pd', '197711092006041006', 'P', NULL, 'III.d', 'KEPALA MADRASAH', '-', '-', '2026-04-15 02:21:37', '2026-04-15 02:21:37'),
	(88, 90, 'FITRA DONI GEMINTARYA, S.A.P', '197506142005011006', 'P', NULL, 'III.a', 'KAUR TU MADRASAH', '-', '-', '2026-04-15 02:21:37', '2026-04-15 02:21:37'),
	(89, 91, 'RIZA PUSPITA SARI, S. Pd', '197607142006042019', 'P', NULL, 'IV.b', 'WAKA. KURIKULUM', '-', '-', '2026-04-15 02:21:38', '2026-04-15 02:21:38'),
	(90, 92, 'ABRIS TRI PUTRA, S.Si', '199202152019031017', 'P', NULL, 'III.b', 'WAKA. SISWA', '-', '-', '2026-04-15 02:21:38', '2026-04-15 02:21:38'),
	(91, 93, 'ADRISMAN, S. Pd.I', '197705312007101003', 'P', NULL, 'III.c', 'WAKA. SARPRAS', '-', '-', '2026-04-15 02:21:38', '2026-04-15 02:21:38'),
	(92, 94, 'RAHMATULLAH, S. Pd, M.Pd', '198004262005011004', 'P', NULL, 'IV.b', 'WAKA. HUMAS', '-', '-', '2026-04-15 02:21:38', '2026-04-15 02:21:38'),
	(93, 95, 'FIFIAN RUBIANTI N, S.Ag', '197602182009012006', 'P', NULL, 'III.d', 'BENDAHARA', '-', '-', '2026-04-15 02:21:39', '2026-04-15 02:21:39'),
	(94, 96, 'HERLINA,S.Pd', '197003141997032003', 'P', NULL, 'IV.b', 'GURU', '-', '-', '2026-04-15 02:21:39', '2026-04-15 02:21:39'),
	(95, 97, 'YUSMAINI, S.Pd', '197005081999032002', 'P', NULL, 'IV.b', 'GURU', '-', '-', '2026-04-15 02:21:39', '2026-04-15 02:21:39'),
	(96, 98, 'Dra. HENDRAYENTI', '196708211997032002', 'P', NULL, 'IV.b', 'GURU', '-', '-', '2026-04-15 02:21:39', '2026-04-15 02:21:39'),
	(97, 99, 'HARNEWI B, S.Pd', '197105071996032002', 'P', NULL, 'IV.b', 'GURU', '-', '-', '2026-04-15 02:21:40', '2026-04-15 02:21:40'),
	(98, 100, 'GUSMALINDA, S. Pd. BIO', '197008141994032001', 'P', NULL, 'IV.b', 'GURU', '-', '-', '2026-04-15 02:21:40', '2026-04-15 02:21:40'),
	(99, 101, 'TUTI HARYATI, S. Pd', '196910121998032003', 'P', NULL, 'IV.b', 'GURU', '-', '-', '2026-04-15 02:21:40', '2026-04-15 02:21:40'),
	(100, 102, 'NURHAPIZAH, S. Pd', '196611201992032003', 'P', NULL, 'IV.b', 'GURU', '-', '-', '2026-04-15 02:21:40', '2026-04-15 02:21:40'),
	(101, 103, 'GEMA WIYARTI, M.Pd', '196902151997032002', 'P', NULL, 'IV.b', 'GURU', '-', '-', '2026-04-15 02:21:40', '2026-04-15 02:21:40'),
	(102, 104, 'MARNIETY, S. Pd', '197106042005012005', 'P', NULL, 'IV.b', 'GURU', '-', '-', '2026-04-15 02:21:41', '2026-04-15 02:21:41'),
	(103, 105, 'DESNIATI, M.Pd', '197507302007012013', 'P', NULL, 'IV.a', 'GURU', '-', '-', '2026-04-15 02:21:41', '2026-04-15 02:21:41'),
	(104, 106, 'FITRI YENTI, S.Pd', '197111222006042005', 'P', NULL, 'IV.a', 'GURU', '-', '-', '2026-04-15 02:21:41', '2026-04-15 02:21:41'),
	(105, 107, 'SITI AIDA, S. Pd', '196802041993032004', 'P', NULL, 'IV.a', 'GURU', '-', '-', '2026-04-15 02:21:41', '2026-04-15 02:21:41'),
	(106, 108, 'EVINIARTI, S. Ag', '196912031993032003', 'P', NULL, 'IV.a', 'GURU', '-', '-', '2026-04-15 02:21:42', '2026-04-15 02:21:42'),
	(107, 109, 'ZONDRA, S. Pd', '197403262005011003', 'P', NULL, 'IV.a', 'GURU', '-', '-', '2026-04-15 02:21:42', '2026-04-15 02:21:42'),
	(108, 110, 'AFRINALITA, S. Pd', '196904062006042001', 'P', NULL, 'IV.a', 'GURU', '-', '-', '2026-04-15 02:21:42', '2026-04-15 02:21:42'),
	(109, 111, 'SRI MULYANI , S.Pd', '197207032005012002', 'P', NULL, 'IV.a', 'GURU', '-', '-', '2026-04-15 02:21:42', '2026-04-15 02:21:42'),
	(110, 112, 'HARTATI, S. Pd', '197409162000122001', 'P', NULL, 'IV.a', 'GURU', '-', '-', '2026-04-15 02:21:43', '2026-04-15 02:21:43'),
	(111, 113, 'FIDDIA WATY, S. Pd', '197711122005012009', 'P', NULL, 'IV.a', 'GURU', '-', '-', '2026-04-15 02:21:43', '2026-04-15 02:21:43'),
	(112, 114, 'FEBRESTI, S. Pd', '197302121998032001', 'P', NULL, 'IV.a', 'GURU', '-', '-', '2026-04-15 02:21:43', '2026-04-15 02:21:43'),
	(113, 115, 'USWATUN HASANAH, S.Pd.I M. Pd', '198412182009012013', 'P', NULL, 'III.d', 'GURU', '-', '-', '2026-04-15 02:21:43', '2026-04-15 02:21:43'),
	(114, 116, 'VIVI YASTIKA SARI, S.Pd', '196904182005012007', 'P', NULL, 'III.d', 'GURU', '-', '-', '2026-04-15 02:21:44', '2026-04-15 02:21:44'),
	(115, 117, 'MARIANIS, S. Ag', '197103222007012014', 'P', NULL, 'III.d', 'GURU', '-', '-', '2026-04-15 02:21:44', '2026-04-15 02:21:44'),
	(116, 118, 'MUSNIATI, S. Pd', '197406042007012019', 'P', NULL, 'III.d', 'GURU', '-', '-', '2026-04-15 02:21:44', '2026-04-15 02:21:44'),
	(117, 119, 'SRI MIRAWATI, S. Pd. I', '198008192007102003', 'P', NULL, 'III.d', 'GURU', '-', '-', '2026-04-15 02:21:44', '2026-04-15 02:21:44'),
	(118, 120, 'NURLAILI, S.HI', '198003082007102003', 'P', NULL, 'III.d', 'GURU', '-', '-', '2026-04-15 02:21:45', '2026-04-15 02:21:45'),
	(119, 121, 'ASNELI WARDINI, SHI, S. Pd. I', '197912082007102006', 'P', NULL, 'III.d', 'GURU', '-', '-', '2026-04-15 02:21:45', '2026-04-15 02:21:45'),
	(120, 122, 'ZALMI, S. Pd', '196711122005011005', 'P', NULL, 'III.d', 'GURU', '-', '-', '2026-04-15 02:21:45', '2026-04-15 02:21:45'),
	(121, 123, 'GUSNITA, S. Ag', '197108242007102001', 'P', NULL, 'III.d', 'GURU', '-', '-', '2026-04-15 02:21:45', '2026-04-15 02:21:45'),
	(122, 124, 'NURIDA, S. Pd', '197602102007102003', 'P', NULL, 'III.d', 'GURU', '-', '-', '2026-04-15 02:21:45', '2026-04-15 02:21:45'),
	(123, 125, 'RAHMI ARFIYENTI, S. Pd', '197104292007102002', 'P', NULL, 'III.d', 'GURU', '-', '-', '2026-04-15 02:21:46', '2026-04-15 02:21:46'),
	(124, 126, 'NUDDI SYARIF, S. Si', '197602052007011016', 'P', NULL, 'III.d', 'GURU', '-', '-', '2026-04-15 02:21:46', '2026-04-15 02:21:46'),
	(125, 127, 'HAFNITA SUKMAWATI, S. Pd', '197212162007012009', 'P', NULL, 'III.d', 'GURU', '-', '-', '2026-04-15 02:21:46', '2026-04-15 02:21:46'),
	(126, 128, 'DAHLENA, M.Pd', '197612132009012004', 'P', NULL, 'III.d', 'GURU', '-', '-', '2026-04-15 02:21:46', '2026-04-15 02:21:46'),
	(127, 129, 'MUHAMMAD ISNAINI,S.Pd.I', '197608022005011006', 'P', NULL, 'III.d', 'GURU', '-', '-', '2026-04-15 02:21:47', '2026-04-15 02:21:47'),
	(128, 130, 'SRI YANTI, S.Pd', '197801192007102003', 'P', NULL, 'III.c', 'GURU', '-', '-', '2026-04-15 02:21:47', '2026-04-15 02:21:47'),
	(129, 131, 'RAMA YULISDA, S. Ag', '197605012014112006', 'P', NULL, 'III.b', 'GURU', '-', '-', '2026-04-15 02:21:47', '2026-04-15 02:21:47'),
	(130, 132, 'SUSMANTI, S.Pd', '198308062014112002', 'P', NULL, 'III.b', 'GURU', '-', '-', '2026-04-15 02:21:47', '2026-04-15 02:21:47'),
	(131, 133, 'RAHMI YULIA, S.Pd', '198507132019032014', 'P', NULL, 'III.b', 'GURU', '-', '-', '2026-04-15 02:21:48', '2026-04-15 02:21:48'),
	(132, 134, 'SRI NOVIA ALIM, S.Pd.I', '198503022019032012', 'P', NULL, 'III.b', 'GURU', '-', '-', '2026-04-15 02:21:48', '2026-04-15 02:21:48'),
	(133, 135, 'MUTIARA ANGELINA, S.Pd', '199707312019032002', 'P', NULL, 'III.b', 'GURU', '-', '-', '2026-04-15 02:21:48', '2026-04-15 02:21:48'),
	(134, 136, 'KUNTUM ALMA LANY, S.Pd', '199108202019032020', 'P', NULL, 'III.b', 'GURU', '-', '-', '2026-04-15 02:21:48', '2026-04-15 02:21:48'),
	(135, 137, 'AMETADEVI TRESIA, S.Pd', '198501022019032015', 'P', NULL, 'III.b', 'GURU', '-', '-', '2026-04-15 02:21:48', '2026-04-15 02:21:48'),
	(136, 138, 'RISA DWITA PUTRI, S.Pd', '198907012019032012', 'P', NULL, 'III.b', 'GURU', '-', '-', '2026-04-15 02:21:49', '2026-04-15 02:21:49'),
	(137, 139, 'INDRI RAHMAWATI, S.Pd', '199008172019032029', 'P', NULL, 'III.b', 'GURU', '-', '-', '2026-04-15 02:21:49', '2026-04-15 02:21:49'),
	(138, 140, 'ELIN NOFIA JUMESA, S.Pd', '199511102019032017', 'P', NULL, 'III.b', 'GURU', '-', '-', '2026-04-15 02:21:49', '2026-04-15 02:21:49'),
	(139, 141, 'BENNY WAHYUDI, S.KOM', '198405262019031005', 'P', NULL, 'III.b', 'GURU', '-', '-', '2026-04-15 02:21:49', '2026-04-15 02:21:49'),
	(140, 142, 'ROZA IDA YANI, S.Pd', '198901132019032012', 'P', NULL, 'III.b', 'GURU', '-', '-', '2026-04-15 02:21:50', '2026-04-15 02:21:50'),
	(141, 143, 'IMALDA IFRIANI, S.Pd.I', '198908272019032019', 'P', NULL, 'III.b', 'GURU', '-', '-', '2026-04-15 02:21:50', '2026-04-15 02:21:50'),
	(142, 144, 'ALMASRI PUTRA, S.Pd', '199108232019031015', 'P', NULL, 'III.b', 'GURU', '-', '-', '2026-04-15 02:21:50', '2026-04-15 02:21:50'),
	(143, 145, 'TRI SUCI PRIMA AMELIA PUTRI, S.Pd', '198705052019032013', 'P', NULL, 'III.b', 'GURU', '-', '-', '2026-04-15 02:21:50', '2026-04-15 02:21:50'),
	(144, 146, 'NITTO WILIAM, S.KOM', '199007272019031011', 'P', NULL, 'III.b', 'GURU', '-', '-', '2026-04-15 02:21:50', '2026-04-15 02:21:50'),
	(145, 147, 'ZAINAL, S.Pd', '197611182023211002', 'P', NULL, 'IX', 'GURU', '-', '-', '2026-04-15 02:21:51', '2026-04-15 02:21:51'),
	(146, 148, 'RINI AMELIA, S.KOM', '198505142023212032', 'P', NULL, 'IX', 'GURU', '-', '-', '2026-04-15 02:21:51', '2026-04-15 02:21:51'),
	(147, 149, 'YUWENDI ZARLI, S.Pd', '197809142023212015', 'P', NULL, 'IX', 'GURU', '-', '-', '2026-04-15 02:21:51', '2026-04-15 02:21:51'),
	(148, 150, 'ARJUN RIANI ASTUTI, S. Pd. I', '198206232023212024', 'P', NULL, 'IX', 'GURU', '-', '-', '2026-04-15 02:21:51', '2026-04-15 02:21:51'),
	(149, 151, 'AFRILINITA, S.Pd', '199304192023212039', 'P', NULL, 'IX', 'GURU', '-', '-', '2026-04-15 02:21:52', '2026-04-15 02:21:52'),
	(150, 152, 'SILVIA, S.Pd', '197805232023212012', 'P', NULL, 'IX', 'GURU', '-', '-', '2026-04-15 02:21:52', '2026-04-15 02:21:52'),
	(151, 153, 'IQBAL ARIF, S.Pd', '198802232023211015', 'P', NULL, 'IX', 'GURU', '-', '-', '2026-04-15 02:21:52', '2026-04-15 02:21:52'),
	(152, 154, 'DARWIMAH, S. Pd', '197101062007102002', 'P', NULL, 'III.d', 'PEGAWAI', '-', '-', '2026-04-15 02:21:52', '2026-04-15 02:21:52'),
	(153, 155, 'DESMALIDAR, S.A.P', '196804172014112002', 'P', NULL, 'III.a', 'PEGAWAI', '-', '-', '2026-04-15 02:21:53', '2026-04-15 02:21:53'),
	(154, 156, 'MONDRA SEPNITON, SS', '198109062025211009', 'P', NULL, 'IX', 'GURU', '-', '-', '2026-04-15 02:21:53', '2026-04-15 02:21:53'),
	(155, 157, 'DONA GUSTIA, S. Pd. I', '198508212025212012', 'P', NULL, 'IX', 'GURU', '-', '-', '2026-04-15 02:21:53', '2026-04-15 02:21:53'),
	(156, 158, 'ISHAQ HALIM, S. Ag', '197001012025211011', 'P', NULL, 'IX', 'GURU', '-', '-', '2026-04-15 02:21:53', '2026-04-15 02:21:53'),
	(157, 159, 'IHSAN, M.Pd', '197408122025211010', 'P', NULL, 'IX', 'GURU', '-', '-', '2026-04-15 02:21:54', '2026-04-15 02:21:54'),
	(158, 160, 'DILLA OKTAVIANA, S. Pd', '198710212025212003', 'P', NULL, 'IX', 'GURU', '-', '-', '2026-04-15 02:21:54', '2026-04-15 02:21:54'),
	(159, 161, 'SYUKRIADI, SS', '198410072025211004', 'P', NULL, 'IX', 'GURU', '-', '-', '2026-04-15 02:21:54', '2026-04-15 02:21:54'),
	(160, 162, 'SYAFRIZAL, S. Pd. I', '198401202025211004', 'P', NULL, 'IX', 'GURU', '-', '-', '2026-04-15 02:21:55', '2026-04-15 02:21:55'),
	(161, 163, 'RANI WAHYUNI, S. Pd', '198102192025212005', 'P', NULL, 'IX', 'GURU', '-', '-', '2026-04-15 02:21:55', '2026-04-15 02:21:55'),
	(162, 164, 'YUTNITA, S.Pd', '198309022025212001', 'P', NULL, 'IX', 'GURU', '-', '-', '2026-04-15 02:21:55', '2026-04-15 02:21:55'),
	(163, 165, 'DORI EKA PUTRA, S.Pd', '198712172025211002', 'P', NULL, 'IX', 'GURU', '-', '-', '2026-04-15 02:21:55', '2026-04-15 02:21:55'),
	(164, 166, 'MUHAMMAD IKHSAN, S.PD', '199009292025211020', 'L', '1782260990_6a3b24fe4c376.jpg', 'IX', 'GURU', 'Tunggul Hitam', '081237182790', '2026-04-15 02:21:56', '2026-06-24 00:29:50'),
	(165, 167, 'LIA APRIANI, S. PD. I', '199304132025212013', 'P', '1782261085_6a3b255d7dfa6.jpg', 'IX', 'GURU', 'Perumnas Belimbing', '081293847281', '2026-04-15 02:21:56', '2026-06-24 00:31:25'),
	(166, 168, 'RICE MAI YUNI, S.PD', '199505302025212018', 'P', '1782261192_6a3b25c89a3f4.jpg', 'IX', 'GURU', 'Sungai Lareh', '089982738199', '2026-04-15 02:21:56', '2026-06-24 00:33:12'),
	(167, 169, 'GUSNELI, S,PD', '197202102025212005', 'P', NULL, 'IX', 'GURU', 'Kuranji', '082938172837', '2026-04-15 02:21:56', '2026-06-24 00:32:27'),
	(169, 171, 'JEFRI YULIANDRI', '137109570498000999', 'L', '1782260960_6a3b24e04b7c3.jpg', NULL, '', 'Sungai Lareh', '082385979381', '2026-06-04 17:56:34', '2026-06-24 00:29:20');

-- Dumping structure for table teamclov_demo_8.jadwal_piket
CREATE TABLE IF NOT EXISTS `jadwal_piket` (
  `id` bigint(20) unsigned NOT NULL AUTO_INCREMENT,
  `tanggal` date NOT NULL,
  `id_guru` bigint(20) unsigned NOT NULL,
  `keterangan` text DEFAULT NULL,
  `created_at` timestamp NULL DEFAULT NULL,
  `updated_at` timestamp NULL DEFAULT NULL,
  PRIMARY KEY (`id`),
  KEY `jadwal_piket_id_guru_foreign` (`id_guru`),
  CONSTRAINT `jadwal_piket_id_guru_foreign` FOREIGN KEY (`id_guru`) REFERENCES `guru` (`id`) ON DELETE CASCADE
) ENGINE=InnoDB AUTO_INCREMENT=3723 DEFAULT CHARSET=utf8mb4 COLLATE=utf8mb4_unicode_ci;

-- Dumping data for table teamclov_demo_8.jadwal_piket: ~1.530 rows (approximately)
DELETE FROM `jadwal_piket`;
INSERT INTO `jadwal_piket` (`id`, `tanggal`, `id_guru`, `keterangan`, `created_at`, `updated_at`) VALUES
	(2193, '2026-01-02', 102, 'A', '2026-06-03 16:58:04', '2026-06-03 16:58:04'),
	(2194, '2026-01-02', 113, 'A', '2026-06-03 16:58:04', '2026-06-03 16:58:04'),
	(2195, '2026-01-02', 144, 'A', '2026-06-03 16:58:04', '2026-06-03 16:58:04'),
	(2196, '2026-01-02', 159, 'A', '2026-06-03 16:58:04', '2026-06-03 16:58:04'),
	(2197, '2026-01-02', 158, 'A', '2026-06-03 16:58:04', '2026-06-03 16:58:04'),
	(2198, '2026-01-02', 163, 'A', '2026-06-03 16:58:04', '2026-06-03 16:58:04'),
	(2199, '2026-01-05', 100, 'A', '2026-06-03 16:58:04', '2026-06-03 16:58:04'),
	(2200, '2026-01-05', 106, 'A', '2026-06-03 16:58:04', '2026-06-03 16:58:04'),
	(2201, '2026-01-05', 109, 'A', '2026-06-03 16:58:04', '2026-06-03 16:58:04'),
	(2202, '2026-01-05', 120, 'A', '2026-06-03 16:58:04', '2026-06-03 16:58:04'),
	(2203, '2026-01-05', 154, 'A', '2026-06-03 16:58:04', '2026-06-03 16:58:04'),
	(2204, '2026-01-05', 150, 'A', '2026-06-03 16:58:04', '2026-06-03 16:58:04'),
	(2205, '2026-01-05', 166, 'A', '2026-06-03 16:58:04', '2026-06-03 16:58:04'),
	(2206, '2026-01-06', 101, 'A', '2026-06-03 16:58:04', '2026-06-03 16:58:04'),
	(2207, '2026-01-06', 107, 'A', '2026-06-03 16:58:04', '2026-06-03 16:58:04'),
	(2208, '2026-01-06', 115, 'A', '2026-06-03 16:58:04', '2026-06-03 16:58:04'),
	(2209, '2026-01-06', 141, 'A', '2026-06-03 16:58:04', '2026-06-03 16:58:04'),
	(2210, '2026-01-06', 156, 'A', '2026-06-03 16:58:04', '2026-06-03 16:58:04'),
	(2211, '2026-01-07', 97, 'A', '2026-06-03 16:58:04', '2026-06-03 16:58:04'),
	(2212, '2026-01-07', 118, 'A', '2026-06-03 16:58:04', '2026-06-03 16:58:04'),
	(2213, '2026-01-07', 128, 'A', '2026-06-03 16:58:04', '2026-06-03 16:58:04'),
	(2214, '2026-01-07', 139, 'A', '2026-06-03 16:58:04', '2026-06-03 16:58:04'),
	(2215, '2026-01-07', 151, 'A', '2026-06-03 16:58:04', '2026-06-03 16:58:04'),
	(2216, '2026-01-07', 167, 'A', '2026-06-03 16:58:04', '2026-06-03 16:58:04'),
	(2217, '2026-01-08', 121, 'A', '2026-06-03 16:58:04', '2026-06-03 16:58:04'),
	(2218, '2026-01-08', 117, 'A', '2026-06-03 16:58:04', '2026-06-03 16:58:04'),
	(2219, '2026-01-08', 119, 'A', '2026-06-03 16:58:04', '2026-06-03 16:58:04'),
	(2220, '2026-01-08', 136, 'A', '2026-06-03 16:58:04', '2026-06-03 16:58:04'),
	(2221, '2026-01-08', 157, 'A', '2026-06-03 16:58:04', '2026-06-03 16:58:04'),
	(2222, '2026-01-08', 147, 'A', '2026-06-03 16:58:04', '2026-06-03 16:58:04'),
	(2223, '2026-01-08', 164, 'A', '2026-06-03 16:58:04', '2026-06-03 16:58:04'),
	(2224, '2026-01-09', 102, 'A', '2026-06-03 16:58:04', '2026-06-03 16:58:04'),
	(2225, '2026-01-09', 113, 'A', '2026-06-03 16:58:04', '2026-06-03 16:58:04'),
	(2226, '2026-01-09', 144, 'A', '2026-06-03 16:58:04', '2026-06-03 16:58:04'),
	(2227, '2026-01-09', 159, 'A', '2026-06-03 16:58:04', '2026-06-03 16:58:04'),
	(2228, '2026-01-09', 158, 'A', '2026-06-03 16:58:04', '2026-06-03 16:58:04'),
	(2229, '2026-01-09', 163, 'A', '2026-06-03 16:58:04', '2026-06-03 16:58:04'),
	(2230, '2026-01-12', 100, 'A', '2026-06-03 16:58:04', '2026-06-03 16:58:04'),
	(2231, '2026-01-12', 106, 'A', '2026-06-03 16:58:04', '2026-06-03 16:58:04'),
	(2232, '2026-01-12', 109, 'A', '2026-06-03 16:58:04', '2026-06-03 16:58:04'),
	(2233, '2026-01-12', 120, 'A', '2026-06-03 16:58:04', '2026-06-03 16:58:04'),
	(2234, '2026-01-12', 154, 'A', '2026-06-03 16:58:04', '2026-06-03 16:58:04'),
	(2235, '2026-01-12', 150, 'A', '2026-06-03 16:58:04', '2026-06-03 16:58:04'),
	(2236, '2026-01-12', 166, 'A', '2026-06-03 16:58:04', '2026-06-03 16:58:04'),
	(2237, '2026-01-13', 101, 'A', '2026-06-03 16:58:04', '2026-06-03 16:58:04'),
	(2238, '2026-01-13', 107, 'A', '2026-06-03 16:58:04', '2026-06-03 16:58:04'),
	(2239, '2026-01-13', 115, 'A', '2026-06-03 16:58:04', '2026-06-03 16:58:04'),
	(2240, '2026-01-13', 141, 'A', '2026-06-03 16:58:04', '2026-06-03 16:58:04'),
	(2241, '2026-01-13', 156, 'A', '2026-06-03 16:58:04', '2026-06-03 16:58:04'),
	(2242, '2026-01-14', 97, 'A', '2026-06-03 16:58:04', '2026-06-03 16:58:04'),
	(2243, '2026-01-14', 118, 'A', '2026-06-03 16:58:04', '2026-06-03 16:58:04'),
	(2244, '2026-01-14', 128, 'A', '2026-06-03 16:58:04', '2026-06-03 16:58:04'),
	(2245, '2026-01-14', 139, 'A', '2026-06-03 16:58:04', '2026-06-03 16:58:04'),
	(2246, '2026-01-14', 151, 'A', '2026-06-03 16:58:04', '2026-06-03 16:58:04'),
	(2247, '2026-01-14', 167, 'A', '2026-06-03 16:58:04', '2026-06-03 16:58:04'),
	(2248, '2026-01-15', 121, 'A', '2026-06-03 16:58:04', '2026-06-03 16:58:04'),
	(2249, '2026-01-15', 117, 'A', '2026-06-03 16:58:04', '2026-06-03 16:58:04'),
	(2250, '2026-01-15', 119, 'A', '2026-06-03 16:58:04', '2026-06-03 16:58:04'),
	(2251, '2026-01-15', 136, 'A', '2026-06-03 16:58:04', '2026-06-03 16:58:04'),
	(2252, '2026-01-15', 157, 'A', '2026-06-03 16:58:04', '2026-06-03 16:58:04'),
	(2253, '2026-01-15', 147, 'A', '2026-06-03 16:58:04', '2026-06-03 16:58:04'),
	(2254, '2026-01-15', 164, 'A', '2026-06-03 16:58:04', '2026-06-03 16:58:04'),
	(2255, '2026-01-16', 102, 'A', '2026-06-03 16:58:04', '2026-06-03 16:58:04'),
	(2256, '2026-01-16', 113, 'A', '2026-06-03 16:58:04', '2026-06-03 16:58:04'),
	(2257, '2026-01-16', 144, 'A', '2026-06-03 16:58:04', '2026-06-03 16:58:04'),
	(2258, '2026-01-16', 159, 'A', '2026-06-03 16:58:04', '2026-06-03 16:58:04'),
	(2259, '2026-01-16', 158, 'A', '2026-06-03 16:58:04', '2026-06-03 16:58:04'),
	(2260, '2026-01-16', 163, 'A', '2026-06-03 16:58:04', '2026-06-03 16:58:04'),
	(2261, '2026-01-19', 100, 'A', '2026-06-03 16:58:04', '2026-06-03 16:58:04'),
	(2262, '2026-01-19', 106, 'A', '2026-06-03 16:58:04', '2026-06-03 16:58:04'),
	(2263, '2026-01-19', 109, 'A', '2026-06-03 16:58:04', '2026-06-03 16:58:04'),
	(2264, '2026-01-19', 120, 'A', '2026-06-03 16:58:04', '2026-06-03 16:58:04'),
	(2265, '2026-01-19', 154, 'A', '2026-06-03 16:58:04', '2026-06-03 16:58:04'),
	(2266, '2026-01-19', 150, 'A', '2026-06-03 16:58:04', '2026-06-03 16:58:04'),
	(2267, '2026-01-19', 166, 'A', '2026-06-03 16:58:04', '2026-06-03 16:58:04'),
	(2268, '2026-01-20', 101, 'A', '2026-06-03 16:58:04', '2026-06-03 16:58:04'),
	(2269, '2026-01-20', 107, 'A', '2026-06-03 16:58:04', '2026-06-03 16:58:04'),
	(2270, '2026-01-20', 115, 'A', '2026-06-03 16:58:04', '2026-06-03 16:58:04'),
	(2271, '2026-01-20', 141, 'A', '2026-06-03 16:58:04', '2026-06-03 16:58:04'),
	(2272, '2026-01-20', 156, 'A', '2026-06-03 16:58:04', '2026-06-03 16:58:04'),
	(2273, '2026-01-21', 97, 'A', '2026-06-03 16:58:04', '2026-06-03 16:58:04'),
	(2274, '2026-01-21', 118, 'A', '2026-06-03 16:58:04', '2026-06-03 16:58:04'),
	(2275, '2026-01-21', 128, 'A', '2026-06-03 16:58:04', '2026-06-03 16:58:04'),
	(2276, '2026-01-21', 139, 'A', '2026-06-03 16:58:04', '2026-06-03 16:58:04'),
	(2277, '2026-01-21', 151, 'A', '2026-06-03 16:58:04', '2026-06-03 16:58:04'),
	(2278, '2026-01-21', 167, 'A', '2026-06-03 16:58:04', '2026-06-03 16:58:04'),
	(2279, '2026-01-22', 121, 'A', '2026-06-03 16:58:04', '2026-06-03 16:58:04'),
	(2280, '2026-01-22', 117, 'A', '2026-06-03 16:58:04', '2026-06-03 16:58:04'),
	(2281, '2026-01-22', 119, 'A', '2026-06-03 16:58:04', '2026-06-03 16:58:04'),
	(2282, '2026-01-22', 136, 'A', '2026-06-03 16:58:04', '2026-06-03 16:58:04'),
	(2283, '2026-01-22', 157, 'A', '2026-06-03 16:58:04', '2026-06-03 16:58:04'),
	(2284, '2026-01-22', 147, 'A', '2026-06-03 16:58:04', '2026-06-03 16:58:04'),
	(2285, '2026-01-22', 164, 'A', '2026-06-03 16:58:04', '2026-06-03 16:58:04'),
	(2286, '2026-01-23', 102, 'A', '2026-06-03 16:58:04', '2026-06-03 16:58:04'),
	(2287, '2026-01-23', 113, 'A', '2026-06-03 16:58:04', '2026-06-03 16:58:04'),
	(2288, '2026-01-23', 144, 'A', '2026-06-03 16:58:04', '2026-06-03 16:58:04'),
	(2289, '2026-01-23', 159, 'A', '2026-06-03 16:58:04', '2026-06-03 16:58:04'),
	(2290, '2026-01-23', 158, 'A', '2026-06-03 16:58:04', '2026-06-03 16:58:04'),
	(2291, '2026-01-23', 163, 'A', '2026-06-03 16:58:04', '2026-06-03 16:58:04'),
	(2292, '2026-01-26', 100, 'A', '2026-06-03 16:58:04', '2026-06-03 16:58:04'),
	(2293, '2026-01-26', 106, 'A', '2026-06-03 16:58:04', '2026-06-03 16:58:04'),
	(2294, '2026-01-26', 109, 'A', '2026-06-03 16:58:04', '2026-06-03 16:58:04'),
	(2295, '2026-01-26', 120, 'A', '2026-06-03 16:58:04', '2026-06-03 16:58:04'),
	(2296, '2026-01-26', 154, 'A', '2026-06-03 16:58:04', '2026-06-03 16:58:04'),
	(2297, '2026-01-26', 150, 'A', '2026-06-03 16:58:04', '2026-06-03 16:58:04'),
	(2298, '2026-01-26', 166, 'A', '2026-06-03 16:58:04', '2026-06-03 16:58:04'),
	(2299, '2026-01-27', 101, 'A', '2026-06-03 16:58:04', '2026-06-03 16:58:04'),
	(2300, '2026-01-27', 107, 'A', '2026-06-03 16:58:04', '2026-06-03 16:58:04'),
	(2301, '2026-01-27', 115, 'A', '2026-06-03 16:58:04', '2026-06-03 16:58:04'),
	(2302, '2026-01-27', 141, 'A', '2026-06-03 16:58:04', '2026-06-03 16:58:04'),
	(2303, '2026-01-27', 156, 'A', '2026-06-03 16:58:04', '2026-06-03 16:58:04'),
	(2304, '2026-01-28', 97, 'A', '2026-06-03 16:58:04', '2026-06-03 16:58:04'),
	(2305, '2026-01-28', 118, 'A', '2026-06-03 16:58:04', '2026-06-03 16:58:04'),
	(2306, '2026-01-28', 128, 'A', '2026-06-03 16:58:04', '2026-06-03 16:58:04'),
	(2307, '2026-01-28', 139, 'A', '2026-06-03 16:58:04', '2026-06-03 16:58:04'),
	(2308, '2026-01-28', 151, 'A', '2026-06-03 16:58:04', '2026-06-03 16:58:04'),
	(2309, '2026-01-28', 167, 'A', '2026-06-03 16:58:04', '2026-06-03 16:58:04'),
	(2310, '2026-01-29', 121, 'A', '2026-06-03 16:58:04', '2026-06-03 16:58:04'),
	(2311, '2026-01-29', 117, 'A', '2026-06-03 16:58:04', '2026-06-03 16:58:04'),
	(2312, '2026-01-29', 119, 'A', '2026-06-03 16:58:04', '2026-06-03 16:58:04'),
	(2313, '2026-01-29', 136, 'A', '2026-06-03 16:58:04', '2026-06-03 16:58:04'),
	(2314, '2026-01-29', 157, 'A', '2026-06-03 16:58:04', '2026-06-03 16:58:04'),
	(2315, '2026-01-29', 147, 'A', '2026-06-03 16:58:04', '2026-06-03 16:58:04'),
	(2316, '2026-01-29', 164, 'A', '2026-06-03 16:58:04', '2026-06-03 16:58:04'),
	(2317, '2026-01-30', 102, 'A', '2026-06-03 16:58:04', '2026-06-03 16:58:04'),
	(2318, '2026-01-30', 113, 'A', '2026-06-03 16:58:04', '2026-06-03 16:58:04'),
	(2319, '2026-01-30', 144, 'A', '2026-06-03 16:58:04', '2026-06-03 16:58:04'),
	(2320, '2026-01-30', 159, 'A', '2026-06-03 16:58:04', '2026-06-03 16:58:04'),
	(2321, '2026-01-30', 158, 'A', '2026-06-03 16:58:04', '2026-06-03 16:58:04'),
	(2322, '2026-01-30', 163, 'A', '2026-06-03 16:58:04', '2026-06-03 16:58:04'),
	(2323, '2026-02-02', 100, 'A', '2026-06-03 16:58:04', '2026-06-03 16:58:04'),
	(2324, '2026-02-02', 106, 'A', '2026-06-03 16:58:04', '2026-06-03 16:58:04'),
	(2325, '2026-02-02', 109, 'A', '2026-06-03 16:58:04', '2026-06-03 16:58:04'),
	(2326, '2026-02-02', 120, 'A', '2026-06-03 16:58:04', '2026-06-03 16:58:04'),
	(2327, '2026-02-02', 154, 'A', '2026-06-03 16:58:04', '2026-06-03 16:58:04'),
	(2328, '2026-02-02', 150, 'A', '2026-06-03 16:58:04', '2026-06-03 16:58:04'),
	(2329, '2026-02-02', 166, 'A', '2026-06-03 16:58:04', '2026-06-03 16:58:04'),
	(2330, '2026-02-03', 101, 'A', '2026-06-03 16:58:04', '2026-06-03 16:58:04'),
	(2331, '2026-02-03', 107, 'A', '2026-06-03 16:58:04', '2026-06-03 16:58:04'),
	(2332, '2026-02-03', 115, 'A', '2026-06-03 16:58:04', '2026-06-03 16:58:04'),
	(2333, '2026-02-03', 141, 'A', '2026-06-03 16:58:04', '2026-06-03 16:58:04'),
	(2334, '2026-02-03', 156, 'A', '2026-06-03 16:58:04', '2026-06-03 16:58:04'),
	(2335, '2026-02-04', 97, 'A', '2026-06-03 16:58:04', '2026-06-03 16:58:04'),
	(2336, '2026-02-04', 118, 'A', '2026-06-03 16:58:04', '2026-06-03 16:58:04'),
	(2337, '2026-02-04', 128, 'A', '2026-06-03 16:58:04', '2026-06-03 16:58:04'),
	(2338, '2026-02-04', 139, 'A', '2026-06-03 16:58:04', '2026-06-03 16:58:04'),
	(2339, '2026-02-04', 151, 'A', '2026-06-03 16:58:04', '2026-06-03 16:58:04'),
	(2340, '2026-02-04', 167, 'A', '2026-06-03 16:58:04', '2026-06-03 16:58:04'),
	(2341, '2026-02-05', 121, 'A', '2026-06-03 16:58:04', '2026-06-03 16:58:04'),
	(2342, '2026-02-05', 117, 'A', '2026-06-03 16:58:04', '2026-06-03 16:58:04'),
	(2343, '2026-02-05', 119, 'A', '2026-06-03 16:58:04', '2026-06-03 16:58:04'),
	(2344, '2026-02-05', 136, 'A', '2026-06-03 16:58:04', '2026-06-03 16:58:04'),
	(2345, '2026-02-05', 157, 'A', '2026-06-03 16:58:04', '2026-06-03 16:58:04'),
	(2346, '2026-02-05', 147, 'A', '2026-06-03 16:58:04', '2026-06-03 16:58:04'),
	(2347, '2026-02-05', 164, 'A', '2026-06-03 16:58:04', '2026-06-03 16:58:04'),
	(2348, '2026-02-06', 102, 'A', '2026-06-03 16:58:04', '2026-06-03 16:58:04'),
	(2349, '2026-02-06', 113, 'A', '2026-06-03 16:58:04', '2026-06-03 16:58:04'),
	(2350, '2026-02-06', 144, 'A', '2026-06-03 16:58:04', '2026-06-03 16:58:04'),
	(2351, '2026-02-06', 159, 'A', '2026-06-03 16:58:04', '2026-06-03 16:58:04'),
	(2352, '2026-02-06', 158, 'A', '2026-06-03 16:58:04', '2026-06-03 16:58:04'),
	(2353, '2026-02-06', 163, 'A', '2026-06-03 16:58:04', '2026-06-03 16:58:04'),
	(2354, '2026-02-09', 100, 'A', '2026-06-03 16:58:04', '2026-06-03 16:58:04'),
	(2355, '2026-02-09', 106, 'A', '2026-06-03 16:58:04', '2026-06-03 16:58:04'),
	(2356, '2026-02-09', 109, 'A', '2026-06-03 16:58:04', '2026-06-03 16:58:04'),
	(2357, '2026-02-09', 120, 'A', '2026-06-03 16:58:04', '2026-06-03 16:58:04'),
	(2358, '2026-02-09', 154, 'A', '2026-06-03 16:58:04', '2026-06-03 16:58:04'),
	(2359, '2026-02-09', 150, 'A', '2026-06-03 16:58:04', '2026-06-03 16:58:04'),
	(2360, '2026-02-09', 166, 'A', '2026-06-03 16:58:04', '2026-06-03 16:58:04'),
	(2361, '2026-02-10', 101, 'A', '2026-06-03 16:58:04', '2026-06-03 16:58:04'),
	(2362, '2026-02-10', 107, 'A', '2026-06-03 16:58:04', '2026-06-03 16:58:04'),
	(2363, '2026-02-10', 115, 'A', '2026-06-03 16:58:04', '2026-06-03 16:58:04'),
	(2364, '2026-02-10', 141, 'A', '2026-06-03 16:58:04', '2026-06-03 16:58:04'),
	(2365, '2026-02-10', 156, 'A', '2026-06-03 16:58:04', '2026-06-03 16:58:04'),
	(2366, '2026-02-11', 97, 'A', '2026-06-03 16:58:04', '2026-06-03 16:58:04'),
	(2367, '2026-02-11', 118, 'A', '2026-06-03 16:58:04', '2026-06-03 16:58:04'),
	(2368, '2026-02-11', 128, 'A', '2026-06-03 16:58:04', '2026-06-03 16:58:04'),
	(2369, '2026-02-11', 139, 'A', '2026-06-03 16:58:04', '2026-06-03 16:58:04'),
	(2370, '2026-02-11', 151, 'A', '2026-06-03 16:58:04', '2026-06-03 16:58:04'),
	(2371, '2026-02-11', 167, 'A', '2026-06-03 16:58:04', '2026-06-03 16:58:04'),
	(2372, '2026-02-12', 121, 'A', '2026-06-03 16:58:04', '2026-06-03 16:58:04'),
	(2373, '2026-02-12', 117, 'A', '2026-06-03 16:58:04', '2026-06-03 16:58:04'),
	(2374, '2026-02-12', 119, 'A', '2026-06-03 16:58:04', '2026-06-03 16:58:04'),
	(2375, '2026-02-12', 136, 'A', '2026-06-03 16:58:04', '2026-06-03 16:58:04'),
	(2376, '2026-02-12', 157, 'A', '2026-06-03 16:58:04', '2026-06-03 16:58:04'),
	(2377, '2026-02-12', 147, 'A', '2026-06-03 16:58:04', '2026-06-03 16:58:04'),
	(2378, '2026-02-12', 164, 'A', '2026-06-03 16:58:04', '2026-06-03 16:58:04'),
	(2379, '2026-02-13', 102, 'A', '2026-06-03 16:58:04', '2026-06-03 16:58:04'),
	(2380, '2026-02-13', 113, 'A', '2026-06-03 16:58:04', '2026-06-03 16:58:04'),
	(2381, '2026-02-13', 144, 'A', '2026-06-03 16:58:04', '2026-06-03 16:58:04'),
	(2382, '2026-02-13', 159, 'A', '2026-06-03 16:58:04', '2026-06-03 16:58:04'),
	(2383, '2026-02-13', 158, 'A', '2026-06-03 16:58:04', '2026-06-03 16:58:04'),
	(2384, '2026-02-13', 163, 'A', '2026-06-03 16:58:04', '2026-06-03 16:58:04'),
	(2385, '2026-02-16', 100, 'A', '2026-06-03 16:58:04', '2026-06-03 16:58:04'),
	(2386, '2026-02-16', 106, 'A', '2026-06-03 16:58:04', '2026-06-03 16:58:04'),
	(2387, '2026-02-16', 109, 'A', '2026-06-03 16:58:04', '2026-06-03 16:58:04'),
	(2388, '2026-02-16', 120, 'A', '2026-06-03 16:58:04', '2026-06-03 16:58:04'),
	(2389, '2026-02-16', 154, 'A', '2026-06-03 16:58:04', '2026-06-03 16:58:04'),
	(2390, '2026-02-16', 150, 'A', '2026-06-03 16:58:04', '2026-06-03 16:58:04'),
	(2391, '2026-02-16', 166, 'A', '2026-06-03 16:58:04', '2026-06-03 16:58:04'),
	(2392, '2026-02-18', 97, 'A', '2026-06-03 16:58:04', '2026-06-03 16:58:04'),
	(2393, '2026-02-18', 118, 'A', '2026-06-03 16:58:04', '2026-06-03 16:58:04'),
	(2394, '2026-02-18', 128, 'A', '2026-06-03 16:58:04', '2026-06-03 16:58:04'),
	(2395, '2026-02-18', 139, 'A', '2026-06-03 16:58:04', '2026-06-03 16:58:04'),
	(2396, '2026-02-18', 151, 'A', '2026-06-03 16:58:04', '2026-06-03 16:58:04'),
	(2397, '2026-02-18', 167, 'A', '2026-06-03 16:58:04', '2026-06-03 16:58:04'),
	(2398, '2026-02-19', 121, 'A', '2026-06-03 16:58:04', '2026-06-03 16:58:04'),
	(2399, '2026-02-19', 117, 'A', '2026-06-03 16:58:04', '2026-06-03 16:58:04'),
	(2400, '2026-02-19', 119, 'A', '2026-06-03 16:58:04', '2026-06-03 16:58:04'),
	(2401, '2026-02-19', 136, 'A', '2026-06-03 16:58:04', '2026-06-03 16:58:04'),
	(2402, '2026-02-19', 157, 'A', '2026-06-03 16:58:04', '2026-06-03 16:58:04'),
	(2403, '2026-02-19', 147, 'A', '2026-06-03 16:58:04', '2026-06-03 16:58:04'),
	(2404, '2026-02-19', 164, 'A', '2026-06-03 16:58:04', '2026-06-03 16:58:04'),
	(2405, '2026-02-20', 102, 'A', '2026-06-03 16:58:04', '2026-06-03 16:58:04'),
	(2406, '2026-02-20', 113, 'A', '2026-06-03 16:58:04', '2026-06-03 16:58:04'),
	(2407, '2026-02-20', 144, 'A', '2026-06-03 16:58:04', '2026-06-03 16:58:04'),
	(2408, '2026-02-20', 159, 'A', '2026-06-03 16:58:04', '2026-06-03 16:58:04'),
	(2409, '2026-02-20', 158, 'A', '2026-06-03 16:58:04', '2026-06-03 16:58:04'),
	(2410, '2026-02-20', 163, 'A', '2026-06-03 16:58:04', '2026-06-03 16:58:04'),
	(2411, '2026-02-23', 100, 'A', '2026-06-03 16:58:04', '2026-06-03 16:58:04'),
	(2412, '2026-02-23', 106, 'A', '2026-06-03 16:58:04', '2026-06-03 16:58:04'),
	(2413, '2026-02-23', 109, 'A', '2026-06-03 16:58:04', '2026-06-03 16:58:04'),
	(2414, '2026-02-23', 120, 'A', '2026-06-03 16:58:04', '2026-06-03 16:58:04'),
	(2415, '2026-02-23', 154, 'A', '2026-06-03 16:58:04', '2026-06-03 16:58:04'),
	(2416, '2026-02-23', 150, 'A', '2026-06-03 16:58:04', '2026-06-03 16:58:04'),
	(2417, '2026-02-23', 166, 'A', '2026-06-03 16:58:04', '2026-06-03 16:58:04'),
	(2418, '2026-02-24', 101, 'A', '2026-06-03 16:58:04', '2026-06-03 16:58:04'),
	(2419, '2026-02-24', 107, 'A', '2026-06-03 16:58:04', '2026-06-03 16:58:04'),
	(2420, '2026-02-24', 115, 'A', '2026-06-03 16:58:04', '2026-06-03 16:58:04'),
	(2421, '2026-02-24', 141, 'A', '2026-06-03 16:58:04', '2026-06-03 16:58:04'),
	(2422, '2026-02-24', 156, 'A', '2026-06-03 16:58:04', '2026-06-03 16:58:04'),
	(2423, '2026-02-25', 97, 'A', '2026-06-03 16:58:04', '2026-06-03 16:58:04'),
	(2424, '2026-02-25', 118, 'A', '2026-06-03 16:58:04', '2026-06-03 16:58:04'),
	(2425, '2026-02-25', 128, 'A', '2026-06-03 16:58:04', '2026-06-03 16:58:04'),
	(2426, '2026-02-25', 139, 'A', '2026-06-03 16:58:04', '2026-06-03 16:58:04'),
	(2427, '2026-02-25', 151, 'A', '2026-06-03 16:58:04', '2026-06-03 16:58:04'),
	(2428, '2026-02-25', 167, 'A', '2026-06-03 16:58:04', '2026-06-03 16:58:04'),
	(2429, '2026-02-26', 121, 'A', '2026-06-03 16:58:04', '2026-06-03 16:58:04'),
	(2430, '2026-02-26', 117, 'A', '2026-06-03 16:58:04', '2026-06-03 16:58:04'),
	(2431, '2026-02-26', 119, 'A', '2026-06-03 16:58:04', '2026-06-03 16:58:04'),
	(2432, '2026-02-26', 136, 'A', '2026-06-03 16:58:04', '2026-06-03 16:58:04'),
	(2433, '2026-02-26', 157, 'A', '2026-06-03 16:58:04', '2026-06-03 16:58:04'),
	(2434, '2026-02-26', 147, 'A', '2026-06-03 16:58:04', '2026-06-03 16:58:04'),
	(2435, '2026-02-26', 164, 'A', '2026-06-03 16:58:04', '2026-06-03 16:58:04'),
	(2436, '2026-02-27', 102, 'A', '2026-06-03 16:58:04', '2026-06-03 16:58:04'),
	(2437, '2026-02-27', 113, 'A', '2026-06-03 16:58:04', '2026-06-03 16:58:04'),
	(2438, '2026-02-27', 144, 'A', '2026-06-03 16:58:04', '2026-06-03 16:58:04'),
	(2439, '2026-02-27', 159, 'A', '2026-06-03 16:58:04', '2026-06-03 16:58:04'),
	(2440, '2026-02-27', 158, 'A', '2026-06-03 16:58:04', '2026-06-03 16:58:04'),
	(2441, '2026-02-27', 163, 'A', '2026-06-03 16:58:04', '2026-06-03 16:58:04'),
	(2442, '2026-03-02', 100, 'A', '2026-06-03 16:58:04', '2026-06-03 16:58:04'),
	(2443, '2026-03-02', 106, 'A', '2026-06-03 16:58:04', '2026-06-03 16:58:04'),
	(2444, '2026-03-02', 109, 'A', '2026-06-03 16:58:04', '2026-06-03 16:58:04'),
	(2445, '2026-03-02', 120, 'A', '2026-06-03 16:58:04', '2026-06-03 16:58:04'),
	(2446, '2026-03-02', 154, 'A', '2026-06-03 16:58:04', '2026-06-03 16:58:04'),
	(2447, '2026-03-02', 150, 'A', '2026-06-03 16:58:04', '2026-06-03 16:58:04'),
	(2448, '2026-03-02', 166, 'A', '2026-06-03 16:58:04', '2026-06-03 16:58:04'),
	(2449, '2026-03-03', 101, 'A', '2026-06-03 16:58:04', '2026-06-03 16:58:04'),
	(2450, '2026-03-03', 107, 'A', '2026-06-03 16:58:04', '2026-06-03 16:58:04'),
	(2451, '2026-03-03', 115, 'A', '2026-06-03 16:58:04', '2026-06-03 16:58:04'),
	(2452, '2026-03-03', 141, 'A', '2026-06-03 16:58:04', '2026-06-03 16:58:04'),
	(2453, '2026-03-03', 156, 'A', '2026-06-03 16:58:04', '2026-06-03 16:58:04'),
	(2454, '2026-03-04', 97, 'A', '2026-06-03 16:58:04', '2026-06-03 16:58:04'),
	(2455, '2026-03-04', 118, 'A', '2026-06-03 16:58:04', '2026-06-03 16:58:04'),
	(2456, '2026-03-04', 128, 'A', '2026-06-03 16:58:04', '2026-06-03 16:58:04'),
	(2457, '2026-03-04', 139, 'A', '2026-06-03 16:58:04', '2026-06-03 16:58:04'),
	(2458, '2026-03-04', 151, 'A', '2026-06-03 16:58:04', '2026-06-03 16:58:04'),
	(2459, '2026-03-04', 167, 'A', '2026-06-03 16:58:04', '2026-06-03 16:58:04'),
	(2460, '2026-03-05', 121, 'A', '2026-06-03 16:58:04', '2026-06-03 16:58:04'),
	(2461, '2026-03-05', 117, 'A', '2026-06-03 16:58:04', '2026-06-03 16:58:04'),
	(2462, '2026-03-05', 119, 'A', '2026-06-03 16:58:04', '2026-06-03 16:58:04'),
	(2463, '2026-03-05', 136, 'A', '2026-06-03 16:58:04', '2026-06-03 16:58:04'),
	(2464, '2026-03-05', 157, 'A', '2026-06-03 16:58:04', '2026-06-03 16:58:04'),
	(2465, '2026-03-05', 147, 'A', '2026-06-03 16:58:04', '2026-06-03 16:58:04'),
	(2466, '2026-03-05', 164, 'A', '2026-06-03 16:58:04', '2026-06-03 16:58:04'),
	(2467, '2026-03-06', 102, 'A', '2026-06-03 16:58:04', '2026-06-03 16:58:04'),
	(2468, '2026-03-06', 113, 'A', '2026-06-03 16:58:04', '2026-06-03 16:58:04'),
	(2469, '2026-03-06', 144, 'A', '2026-06-03 16:58:04', '2026-06-03 16:58:04'),
	(2470, '2026-03-06', 159, 'A', '2026-06-03 16:58:04', '2026-06-03 16:58:04'),
	(2471, '2026-03-06', 158, 'A', '2026-06-03 16:58:04', '2026-06-03 16:58:04'),
	(2472, '2026-03-06', 163, 'A', '2026-06-03 16:58:04', '2026-06-03 16:58:04'),
	(2473, '2026-03-09', 100, 'A', '2026-06-03 16:58:04', '2026-06-03 16:58:04'),
	(2474, '2026-03-09', 106, 'A', '2026-06-03 16:58:04', '2026-06-03 16:58:04'),
	(2475, '2026-03-09', 109, 'A', '2026-06-03 16:58:04', '2026-06-03 16:58:04'),
	(2476, '2026-03-09', 120, 'A', '2026-06-03 16:58:04', '2026-06-03 16:58:04'),
	(2477, '2026-03-09', 154, 'A', '2026-06-03 16:58:04', '2026-06-03 16:58:04'),
	(2478, '2026-03-09', 150, 'A', '2026-06-03 16:58:04', '2026-06-03 16:58:04'),
	(2479, '2026-03-09', 166, 'A', '2026-06-03 16:58:04', '2026-06-03 16:58:04'),
	(2480, '2026-03-10', 101, 'A', '2026-06-03 16:58:04', '2026-06-03 16:58:04'),
	(2481, '2026-03-10', 107, 'A', '2026-06-03 16:58:04', '2026-06-03 16:58:04'),
	(2482, '2026-03-10', 115, 'A', '2026-06-03 16:58:04', '2026-06-03 16:58:04'),
	(2483, '2026-03-10', 141, 'A', '2026-06-03 16:58:04', '2026-06-03 16:58:04'),
	(2484, '2026-03-10', 156, 'A', '2026-06-03 16:58:04', '2026-06-03 16:58:04'),
	(2485, '2026-03-11', 97, 'A', '2026-06-03 16:58:04', '2026-06-03 16:58:04'),
	(2486, '2026-03-11', 118, 'A', '2026-06-03 16:58:04', '2026-06-03 16:58:04'),
	(2487, '2026-03-11', 128, 'A', '2026-06-03 16:58:04', '2026-06-03 16:58:04'),
	(2488, '2026-03-11', 139, 'A', '2026-06-03 16:58:04', '2026-06-03 16:58:04'),
	(2489, '2026-03-11', 151, 'A', '2026-06-03 16:58:04', '2026-06-03 16:58:04'),
	(2490, '2026-03-11', 167, 'A', '2026-06-03 16:58:04', '2026-06-03 16:58:04'),
	(2491, '2026-03-12', 121, 'A', '2026-06-03 16:58:04', '2026-06-03 16:58:04'),
	(2492, '2026-03-12', 117, 'A', '2026-06-03 16:58:04', '2026-06-03 16:58:04'),
	(2493, '2026-03-12', 119, 'A', '2026-06-03 16:58:04', '2026-06-03 16:58:04'),
	(2494, '2026-03-12', 136, 'A', '2026-06-03 16:58:04', '2026-06-03 16:58:04'),
	(2495, '2026-03-12', 157, 'A', '2026-06-03 16:58:04', '2026-06-03 16:58:04'),
	(2496, '2026-03-12', 147, 'A', '2026-06-03 16:58:04', '2026-06-03 16:58:04'),
	(2497, '2026-03-12', 164, 'A', '2026-06-03 16:58:04', '2026-06-03 16:58:04'),
	(2498, '2026-03-13', 102, 'A', '2026-06-03 16:58:04', '2026-06-03 16:58:04'),
	(2499, '2026-03-13', 113, 'A', '2026-06-03 16:58:04', '2026-06-03 16:58:04'),
	(2500, '2026-03-13', 144, 'A', '2026-06-03 16:58:04', '2026-06-03 16:58:04'),
	(2501, '2026-03-13', 159, 'A', '2026-06-03 16:58:04', '2026-06-03 16:58:04'),
	(2502, '2026-03-13', 158, 'A', '2026-06-03 16:58:04', '2026-06-03 16:58:04'),
	(2503, '2026-03-13', 163, 'A', '2026-06-03 16:58:04', '2026-06-03 16:58:04'),
	(2504, '2026-03-16', 100, 'A', '2026-06-03 16:58:04', '2026-06-03 16:58:04'),
	(2505, '2026-03-16', 106, 'A', '2026-06-03 16:58:04', '2026-06-03 16:58:04'),
	(2506, '2026-03-16', 109, 'A', '2026-06-03 16:58:04', '2026-06-03 16:58:04'),
	(2507, '2026-03-16', 120, 'A', '2026-06-03 16:58:04', '2026-06-03 16:58:04'),
	(2508, '2026-03-16', 154, 'A', '2026-06-03 16:58:04', '2026-06-03 16:58:04'),
	(2509, '2026-03-16', 150, 'A', '2026-06-03 16:58:04', '2026-06-03 16:58:04'),
	(2510, '2026-03-16', 166, 'A', '2026-06-03 16:58:04', '2026-06-03 16:58:04'),
	(2511, '2026-03-17', 101, 'A', '2026-06-03 16:58:04', '2026-06-03 16:58:04'),
	(2512, '2026-03-17', 107, 'A', '2026-06-03 16:58:04', '2026-06-03 16:58:04'),
	(2513, '2026-03-17', 115, 'A', '2026-06-03 16:58:04', '2026-06-03 16:58:04'),
	(2514, '2026-03-17', 141, 'A', '2026-06-03 16:58:04', '2026-06-03 16:58:04'),
	(2515, '2026-03-17', 156, 'A', '2026-06-03 16:58:04', '2026-06-03 16:58:04'),
	(2516, '2026-03-18', 97, 'A', '2026-06-03 16:58:04', '2026-06-03 16:58:04'),
	(2517, '2026-03-18', 118, 'A', '2026-06-03 16:58:04', '2026-06-03 16:58:04'),
	(2518, '2026-03-18', 128, 'A', '2026-06-03 16:58:04', '2026-06-03 16:58:04'),
	(2519, '2026-03-18', 139, 'A', '2026-06-03 16:58:04', '2026-06-03 16:58:04'),
	(2520, '2026-03-18', 151, 'A', '2026-06-03 16:58:04', '2026-06-03 16:58:04'),
	(2521, '2026-03-18', 167, 'A', '2026-06-03 16:58:04', '2026-06-03 16:58:04'),
	(2522, '2026-03-23', 100, 'A', '2026-06-03 16:58:04', '2026-06-03 16:58:04'),
	(2523, '2026-03-23', 106, 'A', '2026-06-03 16:58:04', '2026-06-03 16:58:04'),
	(2524, '2026-03-23', 109, 'A', '2026-06-03 16:58:04', '2026-06-03 16:58:04'),
	(2525, '2026-03-23', 120, 'A', '2026-06-03 16:58:04', '2026-06-03 16:58:04'),
	(2526, '2026-03-23', 154, 'A', '2026-06-03 16:58:04', '2026-06-03 16:58:04'),
	(2527, '2026-03-23', 150, 'A', '2026-06-03 16:58:04', '2026-06-03 16:58:04'),
	(2528, '2026-03-23', 166, 'A', '2026-06-03 16:58:04', '2026-06-03 16:58:04'),
	(2529, '2026-03-24', 101, 'A', '2026-06-03 16:58:04', '2026-06-03 16:58:04'),
	(2530, '2026-03-24', 107, 'A', '2026-06-03 16:58:04', '2026-06-03 16:58:04'),
	(2531, '2026-03-24', 115, 'A', '2026-06-03 16:58:04', '2026-06-03 16:58:04'),
	(2532, '2026-03-24', 141, 'A', '2026-06-03 16:58:04', '2026-06-03 16:58:04'),
	(2533, '2026-03-24', 156, 'A', '2026-06-03 16:58:04', '2026-06-03 16:58:04'),
	(2534, '2026-03-25', 97, 'A', '2026-06-03 16:58:04', '2026-06-03 16:58:04'),
	(2535, '2026-03-25', 118, 'A', '2026-06-03 16:58:04', '2026-06-03 16:58:04'),
	(2536, '2026-03-25', 128, 'A', '2026-06-03 16:58:04', '2026-06-03 16:58:04'),
	(2537, '2026-03-25', 139, 'A', '2026-06-03 16:58:04', '2026-06-03 16:58:04'),
	(2538, '2026-03-25', 151, 'A', '2026-06-03 16:58:04', '2026-06-03 16:58:04'),
	(2539, '2026-03-25', 167, 'A', '2026-06-03 16:58:04', '2026-06-03 16:58:04'),
	(2540, '2026-03-26', 121, 'A', '2026-06-03 16:58:04', '2026-06-03 16:58:04'),
	(2541, '2026-03-26', 117, 'A', '2026-06-03 16:58:04', '2026-06-03 16:58:04'),
	(2542, '2026-03-26', 119, 'A', '2026-06-03 16:58:04', '2026-06-03 16:58:04'),
	(2543, '2026-03-26', 136, 'A', '2026-06-03 16:58:04', '2026-06-03 16:58:04'),
	(2544, '2026-03-26', 157, 'A', '2026-06-03 16:58:04', '2026-06-03 16:58:04'),
	(2545, '2026-03-26', 147, 'A', '2026-06-03 16:58:04', '2026-06-03 16:58:04'),
	(2546, '2026-03-26', 164, 'A', '2026-06-03 16:58:04', '2026-06-03 16:58:04'),
	(2547, '2026-03-27', 102, 'A', '2026-06-03 16:58:04', '2026-06-03 16:58:04'),
	(2548, '2026-03-27', 113, 'A', '2026-06-03 16:58:04', '2026-06-03 16:58:04'),
	(2549, '2026-03-27', 144, 'A', '2026-06-03 16:58:04', '2026-06-03 16:58:04'),
	(2550, '2026-03-27', 159, 'A', '2026-06-03 16:58:04', '2026-06-03 16:58:04'),
	(2551, '2026-03-27', 158, 'A', '2026-06-03 16:58:04', '2026-06-03 16:58:04'),
	(2552, '2026-03-27', 163, 'A', '2026-06-03 16:58:04', '2026-06-03 16:58:04'),
	(2553, '2026-03-30', 100, 'A', '2026-06-03 16:58:04', '2026-06-03 16:58:04'),
	(2554, '2026-03-30', 106, 'A', '2026-06-03 16:58:04', '2026-06-03 16:58:04'),
	(2555, '2026-03-30', 109, 'A', '2026-06-03 16:58:04', '2026-06-03 16:58:04'),
	(2556, '2026-03-30', 120, 'A', '2026-06-03 16:58:04', '2026-06-03 16:58:04'),
	(2557, '2026-03-30', 154, 'A', '2026-06-03 16:58:04', '2026-06-03 16:58:04'),
	(2558, '2026-03-30', 150, 'A', '2026-06-03 16:58:04', '2026-06-03 16:58:04'),
	(2559, '2026-03-30', 166, 'A', '2026-06-03 16:58:04', '2026-06-03 16:58:04'),
	(2560, '2026-03-31', 101, 'A', '2026-06-03 16:58:04', '2026-06-03 16:58:04'),
	(2561, '2026-03-31', 107, 'A', '2026-06-03 16:58:04', '2026-06-03 16:58:04'),
	(2562, '2026-03-31', 115, 'A', '2026-06-03 16:58:04', '2026-06-03 16:58:04'),
	(2563, '2026-03-31', 141, 'A', '2026-06-03 16:58:04', '2026-06-03 16:58:04'),
	(2564, '2026-03-31', 156, 'A', '2026-06-03 16:58:04', '2026-06-03 16:58:04'),
	(2565, '2026-04-01', 97, 'A', '2026-06-03 16:58:04', '2026-06-03 16:58:04'),
	(2566, '2026-04-01', 118, 'A', '2026-06-03 16:58:04', '2026-06-03 16:58:04'),
	(2567, '2026-04-01', 128, 'A', '2026-06-03 16:58:04', '2026-06-03 16:58:04'),
	(2568, '2026-04-01', 139, 'A', '2026-06-03 16:58:04', '2026-06-03 16:58:04'),
	(2569, '2026-04-01', 151, 'A', '2026-06-03 16:58:04', '2026-06-03 16:58:04'),
	(2570, '2026-04-01', 167, 'A', '2026-06-03 16:58:04', '2026-06-03 16:58:04'),
	(2571, '2026-04-02', 121, 'A', '2026-06-03 16:58:04', '2026-06-03 16:58:04'),
	(2572, '2026-04-02', 117, 'A', '2026-06-03 16:58:04', '2026-06-03 16:58:04'),
	(2573, '2026-04-02', 119, 'A', '2026-06-03 16:58:04', '2026-06-03 16:58:04'),
	(2574, '2026-04-02', 136, 'A', '2026-06-03 16:58:04', '2026-06-03 16:58:04'),
	(2575, '2026-04-02', 157, 'A', '2026-06-03 16:58:04', '2026-06-03 16:58:04'),
	(2576, '2026-04-02', 147, 'A', '2026-06-03 16:58:04', '2026-06-03 16:58:04'),
	(2577, '2026-04-02', 164, 'A', '2026-06-03 16:58:04', '2026-06-03 16:58:04'),
	(2578, '2026-04-07', 101, 'A', '2026-06-03 16:58:04', '2026-06-03 16:58:04'),
	(2579, '2026-04-07', 107, 'A', '2026-06-03 16:58:04', '2026-06-03 16:58:04'),
	(2580, '2026-04-07', 115, 'A', '2026-06-03 16:58:04', '2026-06-03 16:58:04'),
	(2581, '2026-04-07', 141, 'A', '2026-06-03 16:58:04', '2026-06-03 16:58:04'),
	(2582, '2026-04-07', 156, 'A', '2026-06-03 16:58:04', '2026-06-03 16:58:04'),
	(2583, '2026-04-08', 97, 'A', '2026-06-03 16:58:04', '2026-06-03 16:58:04'),
	(2584, '2026-04-08', 118, 'A', '2026-06-03 16:58:04', '2026-06-03 16:58:04'),
	(2585, '2026-04-08', 128, 'A', '2026-06-03 16:58:04', '2026-06-03 16:58:04'),
	(2586, '2026-04-08', 139, 'A', '2026-06-03 16:58:04', '2026-06-03 16:58:04'),
	(2587, '2026-04-08', 151, 'A', '2026-06-03 16:58:04', '2026-06-03 16:58:04'),
	(2588, '2026-04-08', 167, 'A', '2026-06-03 16:58:04', '2026-06-03 16:58:04'),
	(2589, '2026-04-09', 121, 'A', '2026-06-03 16:58:04', '2026-06-03 16:58:04'),
	(2590, '2026-04-09', 117, 'A', '2026-06-03 16:58:04', '2026-06-03 16:58:04'),
	(2591, '2026-04-09', 119, 'A', '2026-06-03 16:58:04', '2026-06-03 16:58:04'),
	(2592, '2026-04-09', 136, 'A', '2026-06-03 16:58:04', '2026-06-03 16:58:04'),
	(2593, '2026-04-09', 157, 'A', '2026-06-03 16:58:04', '2026-06-03 16:58:04'),
	(2594, '2026-04-09', 147, 'A', '2026-06-03 16:58:04', '2026-06-03 16:58:04'),
	(2595, '2026-04-09', 164, 'A', '2026-06-03 16:58:04', '2026-06-03 16:58:04'),
	(2596, '2026-04-10', 102, 'A', '2026-06-03 16:58:04', '2026-06-03 16:58:04'),
	(2597, '2026-04-10', 113, 'A', '2026-06-03 16:58:04', '2026-06-03 16:58:04'),
	(2598, '2026-04-10', 144, 'A', '2026-06-03 16:58:04', '2026-06-03 16:58:04'),
	(2599, '2026-04-10', 159, 'A', '2026-06-03 16:58:04', '2026-06-03 16:58:04'),
	(2600, '2026-04-10', 158, 'A', '2026-06-03 16:58:04', '2026-06-03 16:58:04'),
	(2601, '2026-04-10', 163, 'A', '2026-06-03 16:58:04', '2026-06-03 16:58:04'),
	(2602, '2026-04-13', 100, 'A', '2026-06-03 16:58:04', '2026-06-03 16:58:04'),
	(2603, '2026-04-13', 106, 'A', '2026-06-03 16:58:04', '2026-06-03 16:58:04'),
	(2604, '2026-04-13', 109, 'A', '2026-06-03 16:58:04', '2026-06-03 16:58:04'),
	(2605, '2026-04-13', 120, 'A', '2026-06-03 16:58:04', '2026-06-03 16:58:04'),
	(2606, '2026-04-13', 154, 'A', '2026-06-03 16:58:04', '2026-06-03 16:58:04'),
	(2607, '2026-04-13', 150, 'A', '2026-06-03 16:58:04', '2026-06-03 16:58:04'),
	(2608, '2026-04-13', 166, 'A', '2026-06-03 16:58:04', '2026-06-03 16:58:04'),
	(2609, '2026-04-14', 101, 'A', '2026-06-03 16:58:04', '2026-06-03 16:58:04'),
	(2610, '2026-04-14', 107, 'A', '2026-06-03 16:58:04', '2026-06-03 16:58:04'),
	(2611, '2026-04-14', 115, 'A', '2026-06-03 16:58:04', '2026-06-03 16:58:04'),
	(2612, '2026-04-14', 141, 'A', '2026-06-03 16:58:04', '2026-06-03 16:58:04'),
	(2613, '2026-04-14', 156, 'A', '2026-06-03 16:58:04', '2026-06-03 16:58:04'),
	(2614, '2026-04-15', 97, 'A', '2026-06-03 16:58:04', '2026-06-03 16:58:04'),
	(2615, '2026-04-15', 118, 'A', '2026-06-03 16:58:04', '2026-06-03 16:58:04'),
	(2616, '2026-04-15', 128, 'A', '2026-06-03 16:58:04', '2026-06-03 16:58:04'),
	(2617, '2026-04-15', 139, 'A', '2026-06-03 16:58:04', '2026-06-03 16:58:04'),
	(2618, '2026-04-15', 151, 'A', '2026-06-03 16:58:04', '2026-06-03 16:58:04'),
	(2619, '2026-04-15', 167, 'A', '2026-06-03 16:58:04', '2026-06-03 16:58:04'),
	(2620, '2026-04-16', 121, 'A', '2026-06-03 16:58:04', '2026-06-03 16:58:04'),
	(2621, '2026-04-16', 117, 'A', '2026-06-03 16:58:04', '2026-06-03 16:58:04'),
	(2622, '2026-04-16', 119, 'A', '2026-06-03 16:58:04', '2026-06-03 16:58:04'),
	(2623, '2026-04-16', 136, 'A', '2026-06-03 16:58:04', '2026-06-03 16:58:04'),
	(2624, '2026-04-16', 157, 'A', '2026-06-03 16:58:04', '2026-06-03 16:58:04'),
	(2625, '2026-04-16', 147, 'A', '2026-06-03 16:58:04', '2026-06-03 16:58:04'),
	(2626, '2026-04-16', 164, 'A', '2026-06-03 16:58:04', '2026-06-03 16:58:04'),
	(2627, '2026-04-17', 102, 'A', '2026-06-03 16:58:04', '2026-06-03 16:58:04'),
	(2628, '2026-04-17', 113, 'A', '2026-06-03 16:58:04', '2026-06-03 16:58:04'),
	(2629, '2026-04-17', 144, 'A', '2026-06-03 16:58:04', '2026-06-03 16:58:04'),
	(2630, '2026-04-17', 159, 'A', '2026-06-03 16:58:04', '2026-06-03 16:58:04'),
	(2631, '2026-04-17', 158, 'A', '2026-06-03 16:58:04', '2026-06-03 16:58:04'),
	(2632, '2026-04-17', 163, 'A', '2026-06-03 16:58:04', '2026-06-03 16:58:04'),
	(2633, '2026-04-20', 100, 'A', '2026-06-03 16:58:04', '2026-06-03 16:58:04'),
	(2634, '2026-04-20', 106, 'A', '2026-06-03 16:58:04', '2026-06-03 16:58:04'),
	(2635, '2026-04-20', 109, 'A', '2026-06-03 16:58:04', '2026-06-03 16:58:04'),
	(2636, '2026-04-20', 120, 'A', '2026-06-03 16:58:04', '2026-06-03 16:58:04'),
	(2637, '2026-04-20', 154, 'A', '2026-06-03 16:58:04', '2026-06-03 16:58:04'),
	(2638, '2026-04-20', 150, 'A', '2026-06-03 16:58:04', '2026-06-03 16:58:04'),
	(2639, '2026-04-20', 166, 'A', '2026-06-03 16:58:04', '2026-06-03 16:58:04'),
	(2640, '2026-04-21', 101, 'A', '2026-06-03 16:58:04', '2026-06-03 16:58:04'),
	(2641, '2026-04-21', 107, 'A', '2026-06-03 16:58:04', '2026-06-03 16:58:04'),
	(2642, '2026-04-21', 115, 'A', '2026-06-03 16:58:04', '2026-06-03 16:58:04'),
	(2643, '2026-04-21', 141, 'A', '2026-06-03 16:58:04', '2026-06-03 16:58:04'),
	(2644, '2026-04-21', 156, 'A', '2026-06-03 16:58:04', '2026-06-03 16:58:04'),
	(2645, '2026-04-22', 97, 'A', '2026-06-03 16:58:04', '2026-06-03 16:58:04'),
	(2646, '2026-04-22', 118, 'A', '2026-06-03 16:58:04', '2026-06-03 16:58:04'),
	(2647, '2026-04-22', 128, 'A', '2026-06-03 16:58:04', '2026-06-03 16:58:04'),
	(2648, '2026-04-22', 139, 'A', '2026-06-03 16:58:04', '2026-06-03 16:58:04'),
	(2649, '2026-04-22', 151, 'A', '2026-06-03 16:58:04', '2026-06-03 16:58:04'),
	(2650, '2026-04-22', 167, 'A', '2026-06-03 16:58:04', '2026-06-03 16:58:04'),
	(2651, '2026-04-23', 121, 'A', '2026-06-03 16:58:04', '2026-06-03 16:58:04'),
	(2652, '2026-04-23', 117, 'A', '2026-06-03 16:58:04', '2026-06-03 16:58:04'),
	(2653, '2026-04-23', 119, 'A', '2026-06-03 16:58:04', '2026-06-03 16:58:04'),
	(2654, '2026-04-23', 136, 'A', '2026-06-03 16:58:04', '2026-06-03 16:58:04'),
	(2655, '2026-04-23', 157, 'A', '2026-06-03 16:58:04', '2026-06-03 16:58:04'),
	(2656, '2026-04-23', 147, 'A', '2026-06-03 16:58:04', '2026-06-03 16:58:04'),
	(2657, '2026-04-23', 164, 'A', '2026-06-03 16:58:04', '2026-06-03 16:58:04'),
	(2658, '2026-04-24', 102, 'A', '2026-06-03 16:58:04', '2026-06-03 16:58:04'),
	(2659, '2026-04-24', 113, 'A', '2026-06-03 16:58:04', '2026-06-03 16:58:04'),
	(2660, '2026-04-24', 144, 'A', '2026-06-03 16:58:04', '2026-06-03 16:58:04'),
	(2661, '2026-04-24', 159, 'A', '2026-06-03 16:58:04', '2026-06-03 16:58:04'),
	(2662, '2026-04-24', 158, 'A', '2026-06-03 16:58:04', '2026-06-03 16:58:04'),
	(2663, '2026-04-24', 163, 'A', '2026-06-03 16:58:04', '2026-06-03 16:58:04'),
	(2664, '2026-04-27', 100, 'A', '2026-06-03 16:58:04', '2026-06-03 16:58:04'),
	(2665, '2026-04-27', 106, 'A', '2026-06-03 16:58:04', '2026-06-03 16:58:04'),
	(2666, '2026-04-27', 109, 'A', '2026-06-03 16:58:04', '2026-06-03 16:58:04'),
	(2667, '2026-04-27', 120, 'A', '2026-06-03 16:58:04', '2026-06-03 16:58:04'),
	(2668, '2026-04-27', 154, 'A', '2026-06-03 16:58:04', '2026-06-03 16:58:04'),
	(2669, '2026-04-27', 150, 'A', '2026-06-03 16:58:04', '2026-06-03 16:58:04'),
	(2670, '2026-04-27', 166, 'A', '2026-06-03 16:58:04', '2026-06-03 16:58:04'),
	(2671, '2026-04-28', 101, 'A', '2026-06-03 16:58:04', '2026-06-03 16:58:04'),
	(2672, '2026-04-28', 107, 'A', '2026-06-03 16:58:04', '2026-06-03 16:58:04'),
	(2673, '2026-04-28', 115, 'A', '2026-06-03 16:58:04', '2026-06-03 16:58:04'),
	(2674, '2026-04-28', 141, 'A', '2026-06-03 16:58:04', '2026-06-03 16:58:04'),
	(2675, '2026-04-28', 156, 'A', '2026-06-03 16:58:04', '2026-06-03 16:58:04'),
	(2676, '2026-04-29', 97, 'A', '2026-06-03 16:58:04', '2026-06-03 16:58:04'),
	(2677, '2026-04-29', 118, 'A', '2026-06-03 16:58:04', '2026-06-03 16:58:04'),
	(2678, '2026-04-29', 128, 'A', '2026-06-03 16:58:04', '2026-06-03 16:58:04'),
	(2679, '2026-04-29', 139, 'A', '2026-06-03 16:58:04', '2026-06-03 16:58:04'),
	(2680, '2026-04-29', 151, 'A', '2026-06-03 16:58:04', '2026-06-03 16:58:04'),
	(2681, '2026-04-29', 167, 'A', '2026-06-03 16:58:04', '2026-06-03 16:58:04'),
	(2682, '2026-04-30', 121, 'A', '2026-06-03 16:58:04', '2026-06-03 16:58:04'),
	(2683, '2026-04-30', 117, 'A', '2026-06-03 16:58:04', '2026-06-03 16:58:04'),
	(2684, '2026-04-30', 119, 'A', '2026-06-03 16:58:04', '2026-06-03 16:58:04'),
	(2685, '2026-04-30', 136, 'A', '2026-06-03 16:58:04', '2026-06-03 16:58:04'),
	(2686, '2026-04-30', 157, 'A', '2026-06-03 16:58:04', '2026-06-03 16:58:04'),
	(2687, '2026-04-30', 147, 'A', '2026-06-03 16:58:04', '2026-06-03 16:58:04'),
	(2688, '2026-04-30', 164, 'A', '2026-06-03 16:58:04', '2026-06-03 16:58:04'),
	(2689, '2026-05-04', 100, 'A', '2026-06-03 16:58:04', '2026-06-03 16:58:04'),
	(2690, '2026-05-04', 106, 'A', '2026-06-03 16:58:04', '2026-06-03 16:58:04'),
	(2691, '2026-05-04', 109, 'A', '2026-06-03 16:58:04', '2026-06-03 16:58:04'),
	(2692, '2026-05-04', 120, 'A', '2026-06-03 16:58:04', '2026-06-03 16:58:04'),
	(2693, '2026-05-04', 154, 'A', '2026-06-03 16:58:04', '2026-06-03 16:58:04'),
	(2694, '2026-05-04', 150, 'A', '2026-06-03 16:58:04', '2026-06-03 16:58:04'),
	(2695, '2026-05-04', 166, 'A', '2026-06-03 16:58:04', '2026-06-03 16:58:04'),
	(2696, '2026-05-05', 101, 'A', '2026-06-03 16:58:04', '2026-06-03 16:58:04'),
	(2697, '2026-05-05', 107, 'A', '2026-06-03 16:58:04', '2026-06-03 16:58:04'),
	(2698, '2026-05-05', 115, 'A', '2026-06-03 16:58:04', '2026-06-03 16:58:04'),
	(2699, '2026-05-05', 141, 'A', '2026-06-03 16:58:04', '2026-06-03 16:58:04'),
	(2700, '2026-05-05', 156, 'A', '2026-06-03 16:58:04', '2026-06-03 16:58:04'),
	(2701, '2026-05-06', 97, 'A', '2026-06-03 16:58:04', '2026-06-03 16:58:04'),
	(2702, '2026-05-06', 118, 'A', '2026-06-03 16:58:04', '2026-06-03 16:58:04'),
	(2703, '2026-05-06', 128, 'A', '2026-06-03 16:58:04', '2026-06-03 16:58:04'),
	(2704, '2026-05-06', 139, 'A', '2026-06-03 16:58:04', '2026-06-03 16:58:04'),
	(2705, '2026-05-06', 151, 'A', '2026-06-03 16:58:04', '2026-06-03 16:58:04'),
	(2706, '2026-05-06', 167, 'A', '2026-06-03 16:58:04', '2026-06-03 16:58:04'),
	(2707, '2026-05-07', 121, 'A', '2026-06-03 16:58:04', '2026-06-03 16:58:04'),
	(2708, '2026-05-07', 117, 'A', '2026-06-03 16:58:04', '2026-06-03 16:58:04'),
	(2709, '2026-05-07', 119, 'A', '2026-06-03 16:58:04', '2026-06-03 16:58:04'),
	(2710, '2026-05-07', 136, 'A', '2026-06-03 16:58:04', '2026-06-03 16:58:04'),
	(2711, '2026-05-07', 157, 'A', '2026-06-03 16:58:04', '2026-06-03 16:58:04'),
	(2712, '2026-05-07', 147, 'A', '2026-06-03 16:58:04', '2026-06-03 16:58:04'),
	(2713, '2026-05-07', 164, 'A', '2026-06-03 16:58:04', '2026-06-03 16:58:04'),
	(2714, '2026-05-08', 102, 'A', '2026-06-03 16:58:04', '2026-06-03 16:58:04'),
	(2715, '2026-05-08', 113, 'A', '2026-06-03 16:58:04', '2026-06-03 16:58:04'),
	(2716, '2026-05-08', 144, 'A', '2026-06-03 16:58:04', '2026-06-03 16:58:04'),
	(2717, '2026-05-08', 159, 'A', '2026-06-03 16:58:04', '2026-06-03 16:58:04'),
	(2718, '2026-05-08', 158, 'A', '2026-06-03 16:58:04', '2026-06-03 16:58:04'),
	(2719, '2026-05-08', 163, 'A', '2026-06-03 16:58:04', '2026-06-03 16:58:04'),
	(2720, '2026-05-11', 100, 'A', '2026-06-03 16:58:04', '2026-06-03 16:58:04'),
	(2721, '2026-05-11', 106, 'A', '2026-06-03 16:58:04', '2026-06-03 16:58:04'),
	(2722, '2026-05-11', 109, 'A', '2026-06-03 16:58:04', '2026-06-03 16:58:04'),
	(2723, '2026-05-11', 120, 'A', '2026-06-03 16:58:04', '2026-06-03 16:58:04'),
	(2724, '2026-05-11', 154, 'A', '2026-06-03 16:58:04', '2026-06-03 16:58:04'),
	(2725, '2026-05-11', 150, 'A', '2026-06-03 16:58:04', '2026-06-03 16:58:04'),
	(2726, '2026-05-11', 166, 'A', '2026-06-03 16:58:04', '2026-06-03 16:58:04'),
	(2727, '2026-05-12', 101, 'A', '2026-06-03 16:58:04', '2026-06-03 16:58:04'),
	(2728, '2026-05-12', 107, 'A', '2026-06-03 16:58:04', '2026-06-03 16:58:04'),
	(2729, '2026-05-12', 115, 'A', '2026-06-03 16:58:04', '2026-06-03 16:58:04'),
	(2730, '2026-05-12', 141, 'A', '2026-06-03 16:58:04', '2026-06-03 16:58:04'),
	(2731, '2026-05-12', 156, 'A', '2026-06-03 16:58:04', '2026-06-03 16:58:04'),
	(2732, '2026-05-13', 97, 'A', '2026-06-03 16:58:04', '2026-06-03 16:58:04'),
	(2733, '2026-05-13', 118, 'A', '2026-06-03 16:58:04', '2026-06-03 16:58:04'),
	(2734, '2026-05-13', 128, 'A', '2026-06-03 16:58:04', '2026-06-03 16:58:04'),
	(2735, '2026-05-13', 139, 'A', '2026-06-03 16:58:04', '2026-06-03 16:58:04'),
	(2736, '2026-05-13', 151, 'A', '2026-06-03 16:58:04', '2026-06-03 16:58:04'),
	(2737, '2026-05-13', 167, 'A', '2026-06-03 16:58:04', '2026-06-03 16:58:04'),
	(2738, '2026-05-15', 102, 'A', '2026-06-03 16:58:04', '2026-06-03 16:58:04'),
	(2739, '2026-05-15', 113, 'A', '2026-06-03 16:58:04', '2026-06-03 16:58:04'),
	(2740, '2026-05-15', 144, 'A', '2026-06-03 16:58:04', '2026-06-03 16:58:04'),
	(2741, '2026-05-15', 159, 'A', '2026-06-03 16:58:04', '2026-06-03 16:58:04'),
	(2742, '2026-05-15', 158, 'A', '2026-06-03 16:58:04', '2026-06-03 16:58:04'),
	(2743, '2026-05-15', 163, 'A', '2026-06-03 16:58:04', '2026-06-03 16:58:04'),
	(2744, '2026-05-18', 100, 'A', '2026-06-03 16:58:04', '2026-06-03 16:58:04'),
	(2745, '2026-05-18', 106, 'A', '2026-06-03 16:58:04', '2026-06-03 16:58:04'),
	(2746, '2026-05-18', 109, 'A', '2026-06-03 16:58:04', '2026-06-03 16:58:04'),
	(2747, '2026-05-18', 120, 'A', '2026-06-03 16:58:04', '2026-06-03 16:58:04'),
	(2748, '2026-05-18', 154, 'A', '2026-06-03 16:58:04', '2026-06-03 16:58:04'),
	(2749, '2026-05-18', 150, 'A', '2026-06-03 16:58:04', '2026-06-03 16:58:04'),
	(2750, '2026-05-18', 166, 'A', '2026-06-03 16:58:04', '2026-06-03 16:58:04'),
	(2751, '2026-05-19', 101, 'A', '2026-06-03 16:58:04', '2026-06-03 16:58:04'),
	(2752, '2026-05-19', 107, 'A', '2026-06-03 16:58:04', '2026-06-03 16:58:04'),
	(2753, '2026-05-19', 115, 'A', '2026-06-03 16:58:04', '2026-06-03 16:58:04'),
	(2754, '2026-05-19', 141, 'A', '2026-06-03 16:58:04', '2026-06-03 16:58:04'),
	(2755, '2026-05-19', 156, 'A', '2026-06-03 16:58:04', '2026-06-03 16:58:04'),
	(2756, '2026-05-20', 97, 'A', '2026-06-03 16:58:04', '2026-06-03 16:58:04'),
	(2757, '2026-05-20', 118, 'A', '2026-06-03 16:58:04', '2026-06-03 16:58:04'),
	(2758, '2026-05-20', 128, 'A', '2026-06-03 16:58:04', '2026-06-03 16:58:04'),
	(2759, '2026-05-20', 139, 'A', '2026-06-03 16:58:04', '2026-06-03 16:58:04'),
	(2760, '2026-05-20', 151, 'A', '2026-06-03 16:58:04', '2026-06-03 16:58:04'),
	(2761, '2026-05-20', 167, 'A', '2026-06-03 16:58:04', '2026-06-03 16:58:04'),
	(2762, '2026-05-21', 121, 'A', '2026-06-03 16:58:04', '2026-06-03 16:58:04'),
	(2763, '2026-05-21', 117, 'A', '2026-06-03 16:58:04', '2026-06-03 16:58:04'),
	(2764, '2026-05-21', 119, 'A', '2026-06-03 16:58:04', '2026-06-03 16:58:04'),
	(2765, '2026-05-21', 136, 'A', '2026-06-03 16:58:04', '2026-06-03 16:58:04'),
	(2766, '2026-05-21', 157, 'A', '2026-06-03 16:58:04', '2026-06-03 16:58:04'),
	(2767, '2026-05-21', 147, 'A', '2026-06-03 16:58:04', '2026-06-03 16:58:04'),
	(2768, '2026-05-21', 164, 'A', '2026-06-03 16:58:04', '2026-06-03 16:58:04'),
	(2769, '2026-05-22', 102, 'A', '2026-06-03 16:58:04', '2026-06-03 16:58:04'),
	(2770, '2026-05-22', 113, 'A', '2026-06-03 16:58:04', '2026-06-03 16:58:04'),
	(2771, '2026-05-22', 144, 'A', '2026-06-03 16:58:04', '2026-06-03 16:58:04'),
	(2772, '2026-05-22', 159, 'A', '2026-06-03 16:58:04', '2026-06-03 16:58:04'),
	(2773, '2026-05-22', 158, 'A', '2026-06-03 16:58:04', '2026-06-03 16:58:04'),
	(2774, '2026-05-22', 163, 'A', '2026-06-03 16:58:04', '2026-06-03 16:58:04'),
	(2775, '2026-05-25', 100, 'A', '2026-06-03 16:58:04', '2026-06-03 16:58:04'),
	(2776, '2026-05-25', 106, 'A', '2026-06-03 16:58:04', '2026-06-03 16:58:04'),
	(2777, '2026-05-25', 109, 'A', '2026-06-03 16:58:04', '2026-06-03 16:58:04'),
	(2778, '2026-05-25', 120, 'A', '2026-06-03 16:58:04', '2026-06-03 16:58:04'),
	(2779, '2026-05-25', 154, 'A', '2026-06-03 16:58:04', '2026-06-03 16:58:04'),
	(2780, '2026-05-25', 150, 'A', '2026-06-03 16:58:04', '2026-06-03 16:58:04'),
	(2781, '2026-05-25', 166, 'A', '2026-06-03 16:58:04', '2026-06-03 16:58:04'),
	(2782, '2026-05-27', 97, 'A', '2026-06-03 16:58:04', '2026-06-03 16:58:04'),
	(2783, '2026-05-27', 118, 'A', '2026-06-03 16:58:04', '2026-06-03 16:58:04'),
	(2784, '2026-05-27', 128, 'A', '2026-06-03 16:58:04', '2026-06-03 16:58:04'),
	(2785, '2026-05-27', 139, 'A', '2026-06-03 16:58:04', '2026-06-03 16:58:04'),
	(2786, '2026-05-27', 151, 'A', '2026-06-03 16:58:04', '2026-06-03 16:58:04'),
	(2787, '2026-05-27', 167, 'A', '2026-06-03 16:58:04', '2026-06-03 16:58:04'),
	(2788, '2026-05-28', 121, 'A', '2026-06-03 16:58:04', '2026-06-03 16:58:04'),
	(2789, '2026-05-28', 117, 'A', '2026-06-03 16:58:04', '2026-06-03 16:58:04'),
	(2790, '2026-05-28', 119, 'A', '2026-06-03 16:58:04', '2026-06-03 16:58:04'),
	(2791, '2026-05-28', 136, 'A', '2026-06-03 16:58:04', '2026-06-03 16:58:04'),
	(2792, '2026-05-28', 157, 'A', '2026-06-03 16:58:04', '2026-06-03 16:58:04'),
	(2793, '2026-05-28', 147, 'A', '2026-06-03 16:58:04', '2026-06-03 16:58:04'),
	(2794, '2026-05-28', 164, 'A', '2026-06-03 16:58:04', '2026-06-03 16:58:04'),
	(2795, '2026-05-29', 102, 'A', '2026-06-03 16:58:04', '2026-06-03 16:58:04'),
	(2796, '2026-05-29', 113, 'A', '2026-06-03 16:58:04', '2026-06-03 16:58:04'),
	(2797, '2026-05-29', 144, 'A', '2026-06-03 16:58:04', '2026-06-03 16:58:04'),
	(2798, '2026-05-29', 159, 'A', '2026-06-03 16:58:04', '2026-06-03 16:58:04'),
	(2799, '2026-05-29', 158, 'A', '2026-06-03 16:58:04', '2026-06-03 16:58:04'),
	(2800, '2026-05-29', 163, 'A', '2026-06-03 16:58:04', '2026-06-03 16:58:04'),
	(2801, '2026-06-02', 101, 'A', '2026-06-03 16:58:04', '2026-06-03 16:58:04'),
	(2802, '2026-06-02', 107, 'A', '2026-06-03 16:58:04', '2026-06-03 16:58:04'),
	(2803, '2026-06-02', 115, 'A', '2026-06-03 16:58:04', '2026-06-03 16:58:04'),
	(2804, '2026-06-02', 141, 'A', '2026-06-03 16:58:04', '2026-06-03 16:58:04'),
	(2805, '2026-06-02', 156, 'A', '2026-06-03 16:58:04', '2026-06-03 16:58:04'),
	(2806, '2026-06-03', 97, 'A', '2026-06-03 16:58:04', '2026-06-03 16:58:04'),
	(2807, '2026-06-03', 118, 'A', '2026-06-03 16:58:04', '2026-06-03 16:58:04'),
	(2808, '2026-06-03', 128, 'A', '2026-06-03 16:58:04', '2026-06-03 16:58:04'),
	(2809, '2026-06-03', 139, 'A', '2026-06-03 16:58:04', '2026-06-03 16:58:04'),
	(2810, '2026-06-03', 151, 'A', '2026-06-03 16:58:04', '2026-06-03 16:58:04'),
	(2811, '2026-06-03', 167, 'A', '2026-06-03 16:58:04', '2026-06-03 16:58:04'),
	(2812, '2026-06-04', 121, 'A', '2026-06-03 16:58:04', '2026-06-03 16:58:04'),
	(2813, '2026-06-04', 117, 'A', '2026-06-03 16:58:04', '2026-06-03 16:58:04'),
	(2814, '2026-06-04', 119, 'A', '2026-06-03 16:58:04', '2026-06-03 16:58:04'),
	(2815, '2026-06-04', 136, 'A', '2026-06-03 16:58:04', '2026-06-03 16:58:04'),
	(2816, '2026-06-04', 157, 'A', '2026-06-03 16:58:04', '2026-06-03 16:58:04'),
	(2817, '2026-06-04', 147, 'A', '2026-06-03 16:58:04', '2026-06-03 16:58:04'),
	(2818, '2026-06-04', 164, 'A', '2026-06-03 16:58:04', '2026-06-03 16:58:04'),
	(2819, '2026-06-05', 102, 'A', '2026-06-03 16:58:04', '2026-06-03 16:58:04'),
	(2820, '2026-06-05', 113, 'A', '2026-06-03 16:58:04', '2026-06-03 16:58:04'),
	(2821, '2026-06-05', 144, 'A', '2026-06-03 16:58:04', '2026-06-03 16:58:04'),
	(2822, '2026-06-05', 159, 'A', '2026-06-03 16:58:04', '2026-06-03 16:58:04'),
	(2823, '2026-06-05', 158, 'A', '2026-06-03 16:58:04', '2026-06-03 16:58:04'),
	(2824, '2026-06-05', 163, 'A', '2026-06-03 16:58:04', '2026-06-03 16:58:04'),
	(2825, '2026-06-08', 100, 'A', '2026-06-03 16:58:04', '2026-06-03 16:58:04'),
	(2826, '2026-06-08', 106, 'A', '2026-06-03 16:58:04', '2026-06-03 16:58:04'),
	(2827, '2026-06-08', 109, 'A', '2026-06-03 16:58:04', '2026-06-03 16:58:04'),
	(2828, '2026-06-08', 120, 'A', '2026-06-03 16:58:04', '2026-06-03 16:58:04'),
	(2829, '2026-06-08', 154, 'A', '2026-06-03 16:58:04', '2026-06-03 16:58:04'),
	(2830, '2026-06-08', 150, 'A', '2026-06-03 16:58:04', '2026-06-03 16:58:04'),
	(2831, '2026-06-08', 166, 'A', '2026-06-03 16:58:04', '2026-06-03 16:58:04'),
	(2832, '2026-06-09', 101, 'A', '2026-06-03 16:58:04', '2026-06-03 16:58:04'),
	(2833, '2026-06-09', 107, 'A', '2026-06-03 16:58:04', '2026-06-03 16:58:04'),
	(2834, '2026-06-09', 115, 'A', '2026-06-03 16:58:04', '2026-06-03 16:58:04'),
	(2835, '2026-06-09', 141, 'A', '2026-06-03 16:58:04', '2026-06-03 16:58:04'),
	(2836, '2026-06-09', 156, 'A', '2026-06-03 16:58:04', '2026-06-03 16:58:04'),
	(2837, '2026-06-10', 97, 'A', '2026-06-03 16:58:04', '2026-06-03 16:58:04'),
	(2838, '2026-06-10', 118, 'A', '2026-06-03 16:58:04', '2026-06-03 16:58:04'),
	(2839, '2026-06-10', 128, 'A', '2026-06-03 16:58:04', '2026-06-03 16:58:04'),
	(2840, '2026-06-10', 139, 'A', '2026-06-03 16:58:04', '2026-06-03 16:58:04'),
	(2841, '2026-06-10', 151, 'A', '2026-06-03 16:58:04', '2026-06-03 16:58:04'),
	(2842, '2026-06-10', 167, 'A', '2026-06-03 16:58:04', '2026-06-03 16:58:04'),
	(2843, '2026-06-11', 121, 'A', '2026-06-03 16:58:04', '2026-06-03 16:58:04'),
	(2844, '2026-06-11', 117, 'A', '2026-06-03 16:58:04', '2026-06-03 16:58:04'),
	(2845, '2026-06-11', 119, 'A', '2026-06-03 16:58:04', '2026-06-03 16:58:04'),
	(2846, '2026-06-11', 136, 'A', '2026-06-03 16:58:04', '2026-06-03 16:58:04'),
	(2847, '2026-06-11', 157, 'A', '2026-06-03 16:58:04', '2026-06-03 16:58:04'),
	(2848, '2026-06-11', 147, 'A', '2026-06-03 16:58:04', '2026-06-03 16:58:04'),
	(2849, '2026-06-11', 164, 'A', '2026-06-03 16:58:04', '2026-06-03 16:58:04'),
	(2850, '2026-06-12', 102, 'A', '2026-06-03 16:58:04', '2026-06-03 16:58:04'),
	(2851, '2026-06-12', 113, 'A', '2026-06-03 16:58:04', '2026-06-03 16:58:04'),
	(2852, '2026-06-12', 144, 'A', '2026-06-03 16:58:04', '2026-06-03 16:58:04'),
	(2853, '2026-06-12', 159, 'A', '2026-06-03 16:58:04', '2026-06-03 16:58:04'),
	(2854, '2026-06-12', 158, 'A', '2026-06-03 16:58:04', '2026-06-03 16:58:04'),
	(2855, '2026-06-12', 163, 'A', '2026-06-03 16:58:04', '2026-06-03 16:58:04'),
	(2856, '2026-06-15', 100, 'A', '2026-06-03 16:58:04', '2026-06-03 16:58:04'),
	(2857, '2026-06-15', 106, 'A', '2026-06-03 16:58:04', '2026-06-03 16:58:04'),
	(2858, '2026-06-15', 109, 'A', '2026-06-03 16:58:04', '2026-06-03 16:58:04'),
	(2859, '2026-06-15', 120, 'A', '2026-06-03 16:58:04', '2026-06-03 16:58:04'),
	(2860, '2026-06-15', 154, 'A', '2026-06-03 16:58:04', '2026-06-03 16:58:04'),
	(2861, '2026-06-15', 150, 'A', '2026-06-03 16:58:04', '2026-06-03 16:58:04'),
	(2862, '2026-06-15', 166, 'A', '2026-06-03 16:58:04', '2026-06-03 16:58:04'),
	(2863, '2026-06-16', 101, 'A', '2026-06-03 16:58:04', '2026-06-03 16:58:04'),
	(2864, '2026-06-16', 107, 'A', '2026-06-03 16:58:04', '2026-06-03 16:58:04'),
	(2865, '2026-06-16', 115, 'A', '2026-06-03 16:58:04', '2026-06-03 16:58:04'),
	(2866, '2026-06-16', 141, 'A', '2026-06-03 16:58:04', '2026-06-03 16:58:04'),
	(2867, '2026-06-16', 156, 'A', '2026-06-03 16:58:04', '2026-06-03 16:58:04'),
	(2868, '2026-06-18', 121, 'A', '2026-06-03 16:58:04', '2026-06-03 16:58:04'),
	(2869, '2026-06-18', 117, 'A', '2026-06-03 16:58:04', '2026-06-03 16:58:04'),
	(2870, '2026-06-18', 119, 'A', '2026-06-03 16:58:04', '2026-06-03 16:58:04'),
	(2871, '2026-06-18', 136, 'A', '2026-06-03 16:58:04', '2026-06-03 16:58:04'),
	(2872, '2026-06-18', 157, 'A', '2026-06-03 16:58:04', '2026-06-03 16:58:04'),
	(2873, '2026-06-18', 147, 'A', '2026-06-03 16:58:04', '2026-06-03 16:58:04'),
	(2874, '2026-06-18', 164, 'A', '2026-06-03 16:58:04', '2026-06-03 16:58:04'),
	(2875, '2026-06-19', 102, 'A', '2026-06-03 16:58:04', '2026-06-03 16:58:04'),
	(2876, '2026-06-19', 113, 'A', '2026-06-03 16:58:04', '2026-06-03 16:58:04'),
	(2877, '2026-06-19', 144, 'A', '2026-06-03 16:58:04', '2026-06-03 16:58:04'),
	(2878, '2026-06-19', 159, 'A', '2026-06-03 16:58:04', '2026-06-03 16:58:04'),
	(2879, '2026-06-19', 158, 'A', '2026-06-03 16:58:04', '2026-06-03 16:58:04'),
	(2880, '2026-06-19', 163, 'A', '2026-06-03 16:58:04', '2026-06-03 16:58:04'),
	(2881, '2026-06-22', 100, 'A', '2026-06-03 16:58:04', '2026-06-03 16:58:04'),
	(2882, '2026-06-22', 106, 'A', '2026-06-03 16:58:04', '2026-06-03 16:58:04'),
	(2883, '2026-06-22', 109, 'A', '2026-06-03 16:58:04', '2026-06-03 16:58:04'),
	(2884, '2026-06-22', 120, 'A', '2026-06-03 16:58:04', '2026-06-03 16:58:04'),
	(2885, '2026-06-22', 154, 'A', '2026-06-03 16:58:04', '2026-06-03 16:58:04'),
	(2886, '2026-06-22', 150, 'A', '2026-06-03 16:58:04', '2026-06-03 16:58:04'),
	(2887, '2026-06-22', 166, 'A', '2026-06-03 16:58:04', '2026-06-03 16:58:04'),
	(2888, '2026-06-23', 101, 'A', '2026-06-03 16:58:04', '2026-06-03 16:58:04'),
	(2889, '2026-06-23', 107, 'A', '2026-06-03 16:58:04', '2026-06-03 16:58:04'),
	(2890, '2026-06-23', 115, 'A', '2026-06-03 16:58:04', '2026-06-03 16:58:04'),
	(2891, '2026-06-23', 141, 'A', '2026-06-03 16:58:04', '2026-06-03 16:58:04'),
	(2892, '2026-06-23', 156, 'A', '2026-06-03 16:58:04', '2026-06-03 16:58:04'),
	(2893, '2026-06-24', 97, 'A', '2026-06-03 16:58:04', '2026-06-03 16:58:04'),
	(2894, '2026-06-24', 118, 'A', '2026-06-03 16:58:04', '2026-06-03 16:58:04'),
	(2895, '2026-06-24', 128, 'A', '2026-06-03 16:58:04', '2026-06-03 16:58:04'),
	(2896, '2026-06-24', 139, 'A', '2026-06-03 16:58:04', '2026-06-03 16:58:04'),
	(2897, '2026-06-24', 151, 'A', '2026-06-03 16:58:04', '2026-06-03 16:58:04'),
	(2898, '2026-06-24', 167, 'A', '2026-06-03 16:58:04', '2026-06-03 16:58:04'),
	(2899, '2026-06-25', 121, 'A', '2026-06-03 16:58:04', '2026-06-03 16:58:04'),
	(2900, '2026-06-25', 117, 'A', '2026-06-03 16:58:04', '2026-06-03 16:58:04'),
	(2901, '2026-06-25', 119, 'A', '2026-06-03 16:58:04', '2026-06-03 16:58:04'),
	(2902, '2026-06-25', 136, 'A', '2026-06-03 16:58:04', '2026-06-03 16:58:04'),
	(2903, '2026-06-25', 157, 'A', '2026-06-03 16:58:04', '2026-06-03 16:58:04'),
	(2904, '2026-06-25', 147, 'A', '2026-06-03 16:58:04', '2026-06-03 16:58:04'),
	(2905, '2026-06-25', 164, 'A', '2026-06-03 16:58:04', '2026-06-03 16:58:04'),
	(2906, '2026-06-26', 102, 'A', '2026-06-03 16:58:04', '2026-06-03 16:58:04'),
	(2907, '2026-06-26', 113, 'A', '2026-06-03 16:58:04', '2026-06-03 16:58:04'),
	(2908, '2026-06-26', 144, 'A', '2026-06-03 16:58:04', '2026-06-03 16:58:04'),
	(2909, '2026-06-26', 159, 'A', '2026-06-03 16:58:04', '2026-06-03 16:58:04'),
	(2910, '2026-06-26', 158, 'A', '2026-06-03 16:58:04', '2026-06-03 16:58:04'),
	(2911, '2026-06-26', 163, 'A', '2026-06-03 16:58:04', '2026-06-03 16:58:04'),
	(2912, '2026-06-29', 100, 'A', '2026-06-03 16:58:04', '2026-06-03 16:58:04'),
	(2913, '2026-06-29', 106, 'A', '2026-06-03 16:58:04', '2026-06-03 16:58:04'),
	(2914, '2026-06-29', 109, 'A', '2026-06-03 16:58:04', '2026-06-03 16:58:04'),
	(2915, '2026-06-29', 120, 'A', '2026-06-03 16:58:04', '2026-06-03 16:58:04'),
	(2916, '2026-06-29', 154, 'A', '2026-06-03 16:58:04', '2026-06-03 16:58:04'),
	(2917, '2026-06-29', 150, 'A', '2026-06-03 16:58:04', '2026-06-03 16:58:04'),
	(2918, '2026-06-29', 166, 'A', '2026-06-03 16:58:04', '2026-06-03 16:58:04'),
	(2919, '2026-06-30', 101, 'A', '2026-06-03 16:58:04', '2026-06-03 16:58:04'),
	(2920, '2026-06-30', 107, 'A', '2026-06-03 16:58:04', '2026-06-03 16:58:04'),
	(2921, '2026-06-30', 115, 'A', '2026-06-03 16:58:04', '2026-06-03 16:58:04'),
	(2922, '2026-06-30', 141, 'A', '2026-06-03 16:58:04', '2026-06-03 16:58:04'),
	(2923, '2026-06-30', 156, 'A', '2026-06-03 16:58:04', '2026-06-03 16:58:04'),
	(2924, '2026-07-01', 97, 'A', '2026-06-03 16:58:04', '2026-06-03 16:58:04'),
	(2925, '2026-07-01', 118, 'A', '2026-06-03 16:58:04', '2026-06-03 16:58:04'),
	(2926, '2026-07-01', 128, 'A', '2026-06-03 16:58:04', '2026-06-03 16:58:04'),
	(2927, '2026-07-01', 139, 'A', '2026-06-03 16:58:04', '2026-06-03 16:58:04'),
	(2928, '2026-07-01', 151, 'A', '2026-06-03 16:58:04', '2026-06-03 16:58:04'),
	(2929, '2026-07-01', 167, 'A', '2026-06-03 16:58:04', '2026-06-03 16:58:04'),
	(2930, '2026-07-02', 121, 'A', '2026-06-03 16:58:04', '2026-06-03 16:58:04'),
	(2931, '2026-07-02', 117, 'A', '2026-06-03 16:58:04', '2026-06-03 16:58:04'),
	(2932, '2026-07-02', 119, 'A', '2026-06-03 16:58:04', '2026-06-03 16:58:04'),
	(2933, '2026-07-02', 136, 'A', '2026-06-03 16:58:04', '2026-06-03 16:58:04'),
	(2934, '2026-07-02', 157, 'A', '2026-06-03 16:58:04', '2026-06-03 16:58:04'),
	(2935, '2026-07-02', 147, 'A', '2026-06-03 16:58:04', '2026-06-03 16:58:04'),
	(2936, '2026-07-02', 164, 'A', '2026-06-03 16:58:04', '2026-06-03 16:58:04'),
	(2937, '2026-07-03', 102, 'A', '2026-06-03 16:58:04', '2026-06-03 16:58:04'),
	(2938, '2026-07-03', 113, 'A', '2026-06-03 16:58:04', '2026-06-03 16:58:04'),
	(2939, '2026-07-03', 144, 'A', '2026-06-03 16:58:04', '2026-06-03 16:58:04'),
	(2940, '2026-07-03', 159, 'A', '2026-06-03 16:58:04', '2026-06-03 16:58:04'),
	(2941, '2026-07-03', 158, 'A', '2026-06-03 16:58:04', '2026-06-03 16:58:04'),
	(2942, '2026-07-03', 163, 'A', '2026-06-03 16:58:04', '2026-06-03 16:58:04'),
	(2943, '2026-07-06', 100, 'A', '2026-06-03 16:58:04', '2026-06-03 16:58:04'),
	(2944, '2026-07-06', 106, 'A', '2026-06-03 16:58:04', '2026-06-03 16:58:04'),
	(2945, '2026-07-06', 109, 'A', '2026-06-03 16:58:04', '2026-06-03 16:58:04'),
	(2946, '2026-07-06', 120, 'A', '2026-06-03 16:58:04', '2026-06-03 16:58:04'),
	(2947, '2026-07-06', 154, 'A', '2026-06-03 16:58:04', '2026-06-03 16:58:04'),
	(2948, '2026-07-06', 150, 'A', '2026-06-03 16:58:04', '2026-06-03 16:58:04'),
	(2949, '2026-07-06', 166, 'A', '2026-06-03 16:58:04', '2026-06-03 16:58:04'),
	(2950, '2026-07-07', 101, 'A', '2026-06-03 16:58:04', '2026-06-03 16:58:04'),
	(2951, '2026-07-07', 107, 'A', '2026-06-03 16:58:04', '2026-06-03 16:58:04'),
	(2952, '2026-07-07', 115, 'A', '2026-06-03 16:58:04', '2026-06-03 16:58:04'),
	(2953, '2026-07-07', 141, 'A', '2026-06-03 16:58:04', '2026-06-03 16:58:04'),
	(2954, '2026-07-07', 156, 'A', '2026-06-03 16:58:04', '2026-06-03 16:58:04'),
	(2955, '2026-07-08', 97, 'A', '2026-06-03 16:58:04', '2026-06-03 16:58:04'),
	(2956, '2026-07-08', 118, 'A', '2026-06-03 16:58:04', '2026-06-03 16:58:04'),
	(2957, '2026-07-08', 128, 'A', '2026-06-03 16:58:04', '2026-06-03 16:58:04'),
	(2958, '2026-07-08', 139, 'A', '2026-06-03 16:58:04', '2026-06-03 16:58:04'),
	(2959, '2026-07-08', 151, 'A', '2026-06-03 16:58:04', '2026-06-03 16:58:04'),
	(2960, '2026-07-08', 167, 'A', '2026-06-03 16:58:04', '2026-06-03 16:58:04'),
	(2961, '2026-07-09', 121, 'A', '2026-06-03 16:58:04', '2026-06-03 16:58:04'),
	(2962, '2026-07-09', 117, 'A', '2026-06-03 16:58:04', '2026-06-03 16:58:04'),
	(2963, '2026-07-09', 119, 'A', '2026-06-03 16:58:04', '2026-06-03 16:58:04'),
	(2964, '2026-07-09', 136, 'A', '2026-06-03 16:58:04', '2026-06-03 16:58:04'),
	(2965, '2026-07-09', 157, 'A', '2026-06-03 16:58:04', '2026-06-03 16:58:04'),
	(2966, '2026-07-09', 147, 'A', '2026-06-03 16:58:04', '2026-06-03 16:58:04'),
	(2967, '2026-07-09', 164, 'A', '2026-06-03 16:58:04', '2026-06-03 16:58:04'),
	(2968, '2026-07-10', 102, 'A', '2026-06-03 16:58:04', '2026-06-03 16:58:04'),
	(2969, '2026-07-10', 113, 'A', '2026-06-03 16:58:04', '2026-06-03 16:58:04'),
	(2970, '2026-07-10', 144, 'A', '2026-06-03 16:58:04', '2026-06-03 16:58:04'),
	(2971, '2026-07-10', 159, 'A', '2026-06-03 16:58:04', '2026-06-03 16:58:04'),
	(2972, '2026-07-10', 158, 'A', '2026-06-03 16:58:04', '2026-06-03 16:58:04'),
	(2973, '2026-07-10', 163, 'A', '2026-06-03 16:58:04', '2026-06-03 16:58:04'),
	(2974, '2026-07-13', 100, 'A', '2026-06-03 16:58:04', '2026-06-03 16:58:04'),
	(2975, '2026-07-13', 106, 'A', '2026-06-03 16:58:04', '2026-06-03 16:58:04'),
	(2976, '2026-07-13', 109, 'A', '2026-06-03 16:58:04', '2026-06-03 16:58:04'),
	(2977, '2026-07-13', 120, 'A', '2026-06-03 16:58:04', '2026-06-03 16:58:04'),
	(2978, '2026-07-13', 154, 'A', '2026-06-03 16:58:04', '2026-06-03 16:58:04'),
	(2979, '2026-07-13', 150, 'A', '2026-06-03 16:58:04', '2026-06-03 16:58:04'),
	(2980, '2026-07-13', 166, 'A', '2026-06-03 16:58:04', '2026-06-03 16:58:04'),
	(2981, '2026-07-14', 101, 'A', '2026-06-03 16:58:04', '2026-06-03 16:58:04'),
	(2982, '2026-07-14', 107, 'A', '2026-06-03 16:58:04', '2026-06-03 16:58:04'),
	(2983, '2026-07-14', 115, 'A', '2026-06-03 16:58:04', '2026-06-03 16:58:04'),
	(2984, '2026-07-14', 141, 'A', '2026-06-03 16:58:04', '2026-06-03 16:58:04'),
	(2985, '2026-07-14', 156, 'A', '2026-06-03 16:58:04', '2026-06-03 16:58:04'),
	(2986, '2026-07-15', 97, 'A', '2026-06-03 16:58:04', '2026-06-03 16:58:04'),
	(2987, '2026-07-15', 118, 'A', '2026-06-03 16:58:04', '2026-06-03 16:58:04'),
	(2988, '2026-07-15', 128, 'A', '2026-06-03 16:58:04', '2026-06-03 16:58:04'),
	(2989, '2026-07-15', 139, 'A', '2026-06-03 16:58:04', '2026-06-03 16:58:04'),
	(2990, '2026-07-15', 151, 'A', '2026-06-03 16:58:04', '2026-06-03 16:58:04'),
	(2991, '2026-07-15', 167, 'A', '2026-06-03 16:58:04', '2026-06-03 16:58:04'),
	(2992, '2026-07-16', 121, 'A', '2026-06-03 16:58:04', '2026-06-03 16:58:04'),
	(2993, '2026-07-16', 117, 'A', '2026-06-03 16:58:04', '2026-06-03 16:58:04'),
	(2994, '2026-07-16', 119, 'A', '2026-06-03 16:58:04', '2026-06-03 16:58:04'),
	(2995, '2026-07-16', 136, 'A', '2026-06-03 16:58:04', '2026-06-03 16:58:04'),
	(2996, '2026-07-16', 157, 'A', '2026-06-03 16:58:04', '2026-06-03 16:58:04'),
	(2997, '2026-07-16', 147, 'A', '2026-06-03 16:58:04', '2026-06-03 16:58:04'),
	(2998, '2026-07-16', 164, 'A', '2026-06-03 16:58:04', '2026-06-03 16:58:04'),
	(2999, '2026-07-17', 102, 'A', '2026-06-03 16:58:04', '2026-06-03 16:58:04'),
	(3000, '2026-07-17', 113, 'A', '2026-06-03 16:58:04', '2026-06-03 16:58:04'),
	(3001, '2026-07-17', 144, 'A', '2026-06-03 16:58:04', '2026-06-03 16:58:04'),
	(3002, '2026-07-17', 159, 'A', '2026-06-03 16:58:04', '2026-06-03 16:58:04'),
	(3003, '2026-07-17', 158, 'A', '2026-06-03 16:58:04', '2026-06-03 16:58:04'),
	(3004, '2026-07-17', 163, 'A', '2026-06-03 16:58:04', '2026-06-03 16:58:04'),
	(3005, '2026-07-20', 100, 'A', '2026-06-03 16:58:04', '2026-06-03 16:58:04'),
	(3006, '2026-07-20', 106, 'A', '2026-06-03 16:58:04', '2026-06-03 16:58:04'),
	(3007, '2026-07-20', 109, 'A', '2026-06-03 16:58:04', '2026-06-03 16:58:04'),
	(3008, '2026-07-20', 120, 'A', '2026-06-03 16:58:04', '2026-06-03 16:58:04'),
	(3009, '2026-07-20', 154, 'A', '2026-06-03 16:58:04', '2026-06-03 16:58:04'),
	(3010, '2026-07-20', 150, 'A', '2026-06-03 16:58:04', '2026-06-03 16:58:04'),
	(3011, '2026-07-20', 166, 'A', '2026-06-03 16:58:04', '2026-06-03 16:58:04'),
	(3012, '2026-07-21', 101, 'A', '2026-06-03 16:58:04', '2026-06-03 16:58:04'),
	(3013, '2026-07-21', 107, 'A', '2026-06-03 16:58:04', '2026-06-03 16:58:04'),
	(3014, '2026-07-21', 115, 'A', '2026-06-03 16:58:04', '2026-06-03 16:58:04'),
	(3015, '2026-07-21', 141, 'A', '2026-06-03 16:58:04', '2026-06-03 16:58:04'),
	(3016, '2026-07-21', 156, 'A', '2026-06-03 16:58:04', '2026-06-03 16:58:04'),
	(3017, '2026-07-22', 97, 'A', '2026-06-03 16:58:04', '2026-06-03 16:58:04'),
	(3018, '2026-07-22', 118, 'A', '2026-06-03 16:58:04', '2026-06-03 16:58:04'),
	(3019, '2026-07-22', 128, 'A', '2026-06-03 16:58:04', '2026-06-03 16:58:04'),
	(3020, '2026-07-22', 139, 'A', '2026-06-03 16:58:04', '2026-06-03 16:58:04'),
	(3021, '2026-07-22', 151, 'A', '2026-06-03 16:58:04', '2026-06-03 16:58:04'),
	(3022, '2026-07-22', 167, 'A', '2026-06-03 16:58:04', '2026-06-03 16:58:04'),
	(3023, '2026-07-23', 121, 'A', '2026-06-03 16:58:04', '2026-06-03 16:58:04'),
	(3024, '2026-07-23', 117, 'A', '2026-06-03 16:58:04', '2026-06-03 16:58:04'),
	(3025, '2026-07-23', 119, 'A', '2026-06-03 16:58:04', '2026-06-03 16:58:04'),
	(3026, '2026-07-23', 136, 'A', '2026-06-03 16:58:04', '2026-06-03 16:58:04'),
	(3027, '2026-07-23', 157, 'A', '2026-06-03 16:58:04', '2026-06-03 16:58:04'),
	(3028, '2026-07-23', 147, 'A', '2026-06-03 16:58:04', '2026-06-03 16:58:04'),
	(3029, '2026-07-23', 164, 'A', '2026-06-03 16:58:04', '2026-06-03 16:58:04'),
	(3030, '2026-07-24', 102, 'A', '2026-06-03 16:58:04', '2026-06-03 16:58:04'),
	(3031, '2026-07-24', 113, 'A', '2026-06-03 16:58:04', '2026-06-03 16:58:04'),
	(3032, '2026-07-24', 144, 'A', '2026-06-03 16:58:04', '2026-06-03 16:58:04'),
	(3033, '2026-07-24', 159, 'A', '2026-06-03 16:58:04', '2026-06-03 16:58:04'),
	(3034, '2026-07-24', 158, 'A', '2026-06-03 16:58:04', '2026-06-03 16:58:04'),
	(3035, '2026-07-24', 163, 'A', '2026-06-03 16:58:04', '2026-06-03 16:58:04'),
	(3036, '2026-07-27', 100, 'A', '2026-06-03 16:58:04', '2026-06-03 16:58:04'),
	(3037, '2026-07-27', 106, 'A', '2026-06-03 16:58:04', '2026-06-03 16:58:04'),
	(3038, '2026-07-27', 109, 'A', '2026-06-03 16:58:04', '2026-06-03 16:58:04'),
	(3039, '2026-07-27', 120, 'A', '2026-06-03 16:58:04', '2026-06-03 16:58:04'),
	(3040, '2026-07-27', 154, 'A', '2026-06-03 16:58:04', '2026-06-03 16:58:04'),
	(3041, '2026-07-27', 150, 'A', '2026-06-03 16:58:04', '2026-06-03 16:58:04'),
	(3042, '2026-07-27', 166, 'A', '2026-06-03 16:58:04', '2026-06-03 16:58:04'),
	(3043, '2026-07-28', 101, 'A', '2026-06-03 16:58:04', '2026-06-03 16:58:04'),
	(3044, '2026-07-28', 107, 'A', '2026-06-03 16:58:04', '2026-06-03 16:58:04'),
	(3045, '2026-07-28', 115, 'A', '2026-06-03 16:58:04', '2026-06-03 16:58:04'),
	(3046, '2026-07-28', 141, 'A', '2026-06-03 16:58:04', '2026-06-03 16:58:04'),
	(3047, '2026-07-28', 156, 'A', '2026-06-03 16:58:04', '2026-06-03 16:58:04'),
	(3048, '2026-07-29', 97, 'A', '2026-06-03 16:58:04', '2026-06-03 16:58:04'),
	(3049, '2026-07-29', 118, 'A', '2026-06-03 16:58:04', '2026-06-03 16:58:04'),
	(3050, '2026-07-29', 128, 'A', '2026-06-03 16:58:04', '2026-06-03 16:58:04'),
	(3051, '2026-07-29', 139, 'A', '2026-06-03 16:58:04', '2026-06-03 16:58:04'),
	(3052, '2026-07-29', 151, 'A', '2026-06-03 16:58:04', '2026-06-03 16:58:04'),
	(3053, '2026-07-29', 167, 'A', '2026-06-03 16:58:04', '2026-06-03 16:58:04'),
	(3054, '2026-07-30', 121, 'A', '2026-06-03 16:58:04', '2026-06-03 16:58:04'),
	(3055, '2026-07-30', 117, 'A', '2026-06-03 16:58:04', '2026-06-03 16:58:04'),
	(3056, '2026-07-30', 119, 'A', '2026-06-03 16:58:04', '2026-06-03 16:58:04'),
	(3057, '2026-07-30', 136, 'A', '2026-06-03 16:58:04', '2026-06-03 16:58:04'),
	(3058, '2026-07-30', 157, 'A', '2026-06-03 16:58:04', '2026-06-03 16:58:04'),
	(3059, '2026-07-30', 147, 'A', '2026-06-03 16:58:04', '2026-06-03 16:58:04'),
	(3060, '2026-07-30', 164, 'A', '2026-06-03 16:58:04', '2026-06-03 16:58:04'),
	(3061, '2026-07-31', 102, 'A', '2026-06-03 16:58:04', '2026-06-03 16:58:04'),
	(3062, '2026-07-31', 113, 'A', '2026-06-03 16:58:04', '2026-06-03 16:58:04'),
	(3063, '2026-07-31', 144, 'A', '2026-06-03 16:58:04', '2026-06-03 16:58:04'),
	(3064, '2026-07-31', 159, 'A', '2026-06-03 16:58:04', '2026-06-03 16:58:04'),
	(3065, '2026-07-31', 158, 'A', '2026-06-03 16:58:04', '2026-06-03 16:58:04'),
	(3066, '2026-07-31', 163, 'A', '2026-06-03 16:58:04', '2026-06-03 16:58:04'),
	(3067, '2026-08-03', 100, 'A', '2026-06-03 16:58:04', '2026-06-03 16:58:04'),
	(3068, '2026-08-03', 106, 'A', '2026-06-03 16:58:04', '2026-06-03 16:58:04'),
	(3069, '2026-08-03', 109, 'A', '2026-06-03 16:58:04', '2026-06-03 16:58:04'),
	(3070, '2026-08-03', 120, 'A', '2026-06-03 16:58:04', '2026-06-03 16:58:04'),
	(3071, '2026-08-03', 154, 'A', '2026-06-03 16:58:04', '2026-06-03 16:58:04'),
	(3072, '2026-08-03', 150, 'A', '2026-06-03 16:58:04', '2026-06-03 16:58:04'),
	(3073, '2026-08-03', 166, 'A', '2026-06-03 16:58:04', '2026-06-03 16:58:04'),
	(3074, '2026-08-04', 101, 'A', '2026-06-03 16:58:04', '2026-06-03 16:58:04'),
	(3075, '2026-08-04', 107, 'A', '2026-06-03 16:58:04', '2026-06-03 16:58:04'),
	(3076, '2026-08-04', 115, 'A', '2026-06-03 16:58:04', '2026-06-03 16:58:04'),
	(3077, '2026-08-04', 141, 'A', '2026-06-03 16:58:04', '2026-06-03 16:58:04'),
	(3078, '2026-08-04', 156, 'A', '2026-06-03 16:58:04', '2026-06-03 16:58:04'),
	(3079, '2026-08-05', 97, 'A', '2026-06-03 16:58:04', '2026-06-03 16:58:04'),
	(3080, '2026-08-05', 118, 'A', '2026-06-03 16:58:04', '2026-06-03 16:58:04'),
	(3081, '2026-08-05', 128, 'A', '2026-06-03 16:58:04', '2026-06-03 16:58:04'),
	(3082, '2026-08-05', 139, 'A', '2026-06-03 16:58:04', '2026-06-03 16:58:04'),
	(3083, '2026-08-05', 151, 'A', '2026-06-03 16:58:04', '2026-06-03 16:58:04'),
	(3084, '2026-08-05', 167, 'A', '2026-06-03 16:58:04', '2026-06-03 16:58:04'),
	(3085, '2026-08-06', 121, 'A', '2026-06-03 16:58:04', '2026-06-03 16:58:04'),
	(3086, '2026-08-06', 117, 'A', '2026-06-03 16:58:04', '2026-06-03 16:58:04'),
	(3087, '2026-08-06', 119, 'A', '2026-06-03 16:58:04', '2026-06-03 16:58:04'),
	(3088, '2026-08-06', 136, 'A', '2026-06-03 16:58:04', '2026-06-03 16:58:04'),
	(3089, '2026-08-06', 157, 'A', '2026-06-03 16:58:04', '2026-06-03 16:58:04'),
	(3090, '2026-08-06', 147, 'A', '2026-06-03 16:58:04', '2026-06-03 16:58:04'),
	(3091, '2026-08-06', 164, 'A', '2026-06-03 16:58:04', '2026-06-03 16:58:04'),
	(3092, '2026-08-07', 102, 'A', '2026-06-03 16:58:04', '2026-06-03 16:58:04'),
	(3093, '2026-08-07', 113, 'A', '2026-06-03 16:58:04', '2026-06-03 16:58:04'),
	(3094, '2026-08-07', 144, 'A', '2026-06-03 16:58:04', '2026-06-03 16:58:04'),
	(3095, '2026-08-07', 159, 'A', '2026-06-03 16:58:04', '2026-06-03 16:58:04'),
	(3096, '2026-08-07', 158, 'A', '2026-06-03 16:58:04', '2026-06-03 16:58:04'),
	(3097, '2026-08-07', 163, 'A', '2026-06-03 16:58:04', '2026-06-03 16:58:04'),
	(3098, '2026-08-10', 100, 'A', '2026-06-03 16:58:04', '2026-06-03 16:58:04'),
	(3099, '2026-08-10', 106, 'A', '2026-06-03 16:58:04', '2026-06-03 16:58:04'),
	(3100, '2026-08-10', 109, 'A', '2026-06-03 16:58:04', '2026-06-03 16:58:04'),
	(3101, '2026-08-10', 120, 'A', '2026-06-03 16:58:04', '2026-06-03 16:58:04'),
	(3102, '2026-08-10', 154, 'A', '2026-06-03 16:58:04', '2026-06-03 16:58:04'),
	(3103, '2026-08-10', 150, 'A', '2026-06-03 16:58:04', '2026-06-03 16:58:04'),
	(3104, '2026-08-10', 166, 'A', '2026-06-03 16:58:04', '2026-06-03 16:58:04'),
	(3105, '2026-08-11', 101, 'A', '2026-06-03 16:58:04', '2026-06-03 16:58:04'),
	(3106, '2026-08-11', 107, 'A', '2026-06-03 16:58:04', '2026-06-03 16:58:04'),
	(3107, '2026-08-11', 115, 'A', '2026-06-03 16:58:04', '2026-06-03 16:58:04'),
	(3108, '2026-08-11', 141, 'A', '2026-06-03 16:58:04', '2026-06-03 16:58:04'),
	(3109, '2026-08-11', 156, 'A', '2026-06-03 16:58:04', '2026-06-03 16:58:04'),
	(3110, '2026-08-12', 97, 'A', '2026-06-03 16:58:04', '2026-06-03 16:58:04'),
	(3111, '2026-08-12', 118, 'A', '2026-06-03 16:58:04', '2026-06-03 16:58:04'),
	(3112, '2026-08-12', 128, 'A', '2026-06-03 16:58:04', '2026-06-03 16:58:04'),
	(3113, '2026-08-12', 139, 'A', '2026-06-03 16:58:04', '2026-06-03 16:58:04'),
	(3114, '2026-08-12', 151, 'A', '2026-06-03 16:58:04', '2026-06-03 16:58:04'),
	(3115, '2026-08-12', 167, 'A', '2026-06-03 16:58:04', '2026-06-03 16:58:04'),
	(3116, '2026-08-13', 121, 'A', '2026-06-03 16:58:04', '2026-06-03 16:58:04'),
	(3117, '2026-08-13', 117, 'A', '2026-06-03 16:58:04', '2026-06-03 16:58:04'),
	(3118, '2026-08-13', 119, 'A', '2026-06-03 16:58:04', '2026-06-03 16:58:04'),
	(3119, '2026-08-13', 136, 'A', '2026-06-03 16:58:04', '2026-06-03 16:58:04'),
	(3120, '2026-08-13', 157, 'A', '2026-06-03 16:58:04', '2026-06-03 16:58:04'),
	(3121, '2026-08-13', 147, 'A', '2026-06-03 16:58:04', '2026-06-03 16:58:04'),
	(3122, '2026-08-13', 164, 'A', '2026-06-03 16:58:04', '2026-06-03 16:58:04'),
	(3123, '2026-08-14', 102, 'A', '2026-06-03 16:58:04', '2026-06-03 16:58:04'),
	(3124, '2026-08-14', 113, 'A', '2026-06-03 16:58:04', '2026-06-03 16:58:04'),
	(3125, '2026-08-14', 144, 'A', '2026-06-03 16:58:04', '2026-06-03 16:58:04'),
	(3126, '2026-08-14', 159, 'A', '2026-06-03 16:58:04', '2026-06-03 16:58:04'),
	(3127, '2026-08-14', 158, 'A', '2026-06-03 16:58:04', '2026-06-03 16:58:04'),
	(3128, '2026-08-14', 163, 'A', '2026-06-03 16:58:04', '2026-06-03 16:58:04'),
	(3129, '2026-08-18', 101, 'A', '2026-06-03 16:58:04', '2026-06-03 16:58:04'),
	(3130, '2026-08-18', 107, 'A', '2026-06-03 16:58:04', '2026-06-03 16:58:04'),
	(3131, '2026-08-18', 115, 'A', '2026-06-03 16:58:04', '2026-06-03 16:58:04'),
	(3132, '2026-08-18', 141, 'A', '2026-06-03 16:58:04', '2026-06-03 16:58:04'),
	(3133, '2026-08-18', 156, 'A', '2026-06-03 16:58:04', '2026-06-03 16:58:04'),
	(3134, '2026-08-19', 97, 'A', '2026-06-03 16:58:04', '2026-06-03 16:58:04'),
	(3135, '2026-08-19', 118, 'A', '2026-06-03 16:58:04', '2026-06-03 16:58:04'),
	(3136, '2026-08-19', 128, 'A', '2026-06-03 16:58:04', '2026-06-03 16:58:04'),
	(3137, '2026-08-19', 139, 'A', '2026-06-03 16:58:04', '2026-06-03 16:58:04'),
	(3138, '2026-08-19', 151, 'A', '2026-06-03 16:58:04', '2026-06-03 16:58:04'),
	(3139, '2026-08-19', 167, 'A', '2026-06-03 16:58:04', '2026-06-03 16:58:04'),
	(3140, '2026-08-20', 121, 'A', '2026-06-03 16:58:04', '2026-06-03 16:58:04'),
	(3141, '2026-08-20', 117, 'A', '2026-06-03 16:58:04', '2026-06-03 16:58:04'),
	(3142, '2026-08-20', 119, 'A', '2026-06-03 16:58:04', '2026-06-03 16:58:04'),
	(3143, '2026-08-20', 136, 'A', '2026-06-03 16:58:04', '2026-06-03 16:58:04'),
	(3144, '2026-08-20', 157, 'A', '2026-06-03 16:58:04', '2026-06-03 16:58:04'),
	(3145, '2026-08-20', 147, 'A', '2026-06-03 16:58:04', '2026-06-03 16:58:04'),
	(3146, '2026-08-20', 164, 'A', '2026-06-03 16:58:04', '2026-06-03 16:58:04'),
	(3147, '2026-08-21', 102, 'A', '2026-06-03 16:58:04', '2026-06-03 16:58:04'),
	(3148, '2026-08-21', 113, 'A', '2026-06-03 16:58:04', '2026-06-03 16:58:04'),
	(3149, '2026-08-21', 144, 'A', '2026-06-03 16:58:04', '2026-06-03 16:58:04'),
	(3150, '2026-08-21', 159, 'A', '2026-06-03 16:58:04', '2026-06-03 16:58:04'),
	(3151, '2026-08-21', 158, 'A', '2026-06-03 16:58:04', '2026-06-03 16:58:04'),
	(3152, '2026-08-21', 163, 'A', '2026-06-03 16:58:04', '2026-06-03 16:58:04'),
	(3153, '2026-08-24', 100, 'A', '2026-06-03 16:58:04', '2026-06-03 16:58:04'),
	(3154, '2026-08-24', 106, 'A', '2026-06-03 16:58:04', '2026-06-03 16:58:04'),
	(3155, '2026-08-24', 109, 'A', '2026-06-03 16:58:04', '2026-06-03 16:58:04'),
	(3156, '2026-08-24', 120, 'A', '2026-06-03 16:58:04', '2026-06-03 16:58:04'),
	(3157, '2026-08-24', 154, 'A', '2026-06-03 16:58:04', '2026-06-03 16:58:04'),
	(3158, '2026-08-24', 150, 'A', '2026-06-03 16:58:04', '2026-06-03 16:58:04'),
	(3159, '2026-08-24', 166, 'A', '2026-06-03 16:58:04', '2026-06-03 16:58:04'),
	(3160, '2026-08-25', 101, 'A', '2026-06-03 16:58:04', '2026-06-03 16:58:04'),
	(3161, '2026-08-25', 107, 'A', '2026-06-03 16:58:04', '2026-06-03 16:58:04'),
	(3162, '2026-08-25', 115, 'A', '2026-06-03 16:58:04', '2026-06-03 16:58:04'),
	(3163, '2026-08-25', 141, 'A', '2026-06-03 16:58:04', '2026-06-03 16:58:04'),
	(3164, '2026-08-25', 156, 'A', '2026-06-03 16:58:04', '2026-06-03 16:58:04'),
	(3165, '2026-08-26', 97, 'A', '2026-06-03 16:58:04', '2026-06-03 16:58:04'),
	(3166, '2026-08-26', 118, 'A', '2026-06-03 16:58:04', '2026-06-03 16:58:04'),
	(3167, '2026-08-26', 128, 'A', '2026-06-03 16:58:04', '2026-06-03 16:58:04'),
	(3168, '2026-08-26', 139, 'A', '2026-06-03 16:58:04', '2026-06-03 16:58:04'),
	(3169, '2026-08-26', 151, 'A', '2026-06-03 16:58:04', '2026-06-03 16:58:04'),
	(3170, '2026-08-26', 167, 'A', '2026-06-03 16:58:04', '2026-06-03 16:58:04'),
	(3171, '2026-08-27', 121, 'A', '2026-06-03 16:58:04', '2026-06-03 16:58:04'),
	(3172, '2026-08-27', 117, 'A', '2026-06-03 16:58:04', '2026-06-03 16:58:04'),
	(3173, '2026-08-27', 119, 'A', '2026-06-03 16:58:04', '2026-06-03 16:58:04'),
	(3174, '2026-08-27', 136, 'A', '2026-06-03 16:58:04', '2026-06-03 16:58:04'),
	(3175, '2026-08-27', 157, 'A', '2026-06-03 16:58:04', '2026-06-03 16:58:04'),
	(3176, '2026-08-27', 147, 'A', '2026-06-03 16:58:04', '2026-06-03 16:58:04'),
	(3177, '2026-08-27', 164, 'A', '2026-06-03 16:58:04', '2026-06-03 16:58:04'),
	(3178, '2026-08-28', 102, 'A', '2026-06-03 16:58:04', '2026-06-03 16:58:04'),
	(3179, '2026-08-28', 113, 'A', '2026-06-03 16:58:04', '2026-06-03 16:58:04'),
	(3180, '2026-08-28', 144, 'A', '2026-06-03 16:58:04', '2026-06-03 16:58:04'),
	(3181, '2026-08-28', 159, 'A', '2026-06-03 16:58:04', '2026-06-03 16:58:04'),
	(3182, '2026-08-28', 158, 'A', '2026-06-03 16:58:04', '2026-06-03 16:58:04'),
	(3183, '2026-08-28', 163, 'A', '2026-06-03 16:58:04', '2026-06-03 16:58:04'),
	(3184, '2026-08-31', 100, 'A', '2026-06-03 16:58:04', '2026-06-03 16:58:04'),
	(3185, '2026-08-31', 106, 'A', '2026-06-03 16:58:04', '2026-06-03 16:58:04'),
	(3186, '2026-08-31', 109, 'A', '2026-06-03 16:58:04', '2026-06-03 16:58:04'),
	(3187, '2026-08-31', 120, 'A', '2026-06-03 16:58:04', '2026-06-03 16:58:04'),
	(3188, '2026-08-31', 154, 'A', '2026-06-03 16:58:04', '2026-06-03 16:58:04'),
	(3189, '2026-08-31', 150, 'A', '2026-06-03 16:58:04', '2026-06-03 16:58:04'),
	(3190, '2026-08-31', 166, 'A', '2026-06-03 16:58:04', '2026-06-03 16:58:04'),
	(3191, '2026-09-01', 101, 'A', '2026-06-03 16:58:04', '2026-06-03 16:58:04'),
	(3192, '2026-09-01', 107, 'A', '2026-06-03 16:58:04', '2026-06-03 16:58:04'),
	(3193, '2026-09-01', 115, 'A', '2026-06-03 16:58:04', '2026-06-03 16:58:04'),
	(3194, '2026-09-01', 141, 'A', '2026-06-03 16:58:04', '2026-06-03 16:58:04'),
	(3195, '2026-09-01', 156, 'A', '2026-06-03 16:58:04', '2026-06-03 16:58:04'),
	(3196, '2026-09-02', 97, 'A', '2026-06-03 16:58:04', '2026-06-03 16:58:04'),
	(3197, '2026-09-02', 118, 'A', '2026-06-03 16:58:04', '2026-06-03 16:58:04'),
	(3198, '2026-09-02', 128, 'A', '2026-06-03 16:58:04', '2026-06-03 16:58:04'),
	(3199, '2026-09-02', 139, 'A', '2026-06-03 16:58:04', '2026-06-03 16:58:04'),
	(3200, '2026-09-02', 151, 'A', '2026-06-03 16:58:04', '2026-06-03 16:58:04'),
	(3201, '2026-09-02', 167, 'A', '2026-06-03 16:58:04', '2026-06-03 16:58:04'),
	(3202, '2026-09-03', 121, 'A', '2026-06-03 16:58:04', '2026-06-03 16:58:04'),
	(3203, '2026-09-03', 117, 'A', '2026-06-03 16:58:04', '2026-06-03 16:58:04'),
	(3204, '2026-09-03', 119, 'A', '2026-06-03 16:58:04', '2026-06-03 16:58:04'),
	(3205, '2026-09-03', 136, 'A', '2026-06-03 16:58:04', '2026-06-03 16:58:04'),
	(3206, '2026-09-03', 157, 'A', '2026-06-03 16:58:04', '2026-06-03 16:58:04'),
	(3207, '2026-09-03', 147, 'A', '2026-06-03 16:58:04', '2026-06-03 16:58:04'),
	(3208, '2026-09-03', 164, 'A', '2026-06-03 16:58:04', '2026-06-03 16:58:04'),
	(3209, '2026-09-04', 102, 'A', '2026-06-03 16:58:04', '2026-06-03 16:58:04'),
	(3210, '2026-09-04', 113, 'A', '2026-06-03 16:58:04', '2026-06-03 16:58:04'),
	(3211, '2026-09-04', 144, 'A', '2026-06-03 16:58:04', '2026-06-03 16:58:04'),
	(3212, '2026-09-04', 159, 'A', '2026-06-03 16:58:04', '2026-06-03 16:58:04'),
	(3213, '2026-09-04', 158, 'A', '2026-06-03 16:58:04', '2026-06-03 16:58:04'),
	(3214, '2026-09-04', 163, 'A', '2026-06-03 16:58:04', '2026-06-03 16:58:04'),
	(3215, '2026-09-07', 100, 'A', '2026-06-03 16:58:04', '2026-06-03 16:58:04'),
	(3216, '2026-09-07', 106, 'A', '2026-06-03 16:58:04', '2026-06-03 16:58:04'),
	(3217, '2026-09-07', 109, 'A', '2026-06-03 16:58:04', '2026-06-03 16:58:04'),
	(3218, '2026-09-07', 120, 'A', '2026-06-03 16:58:04', '2026-06-03 16:58:04'),
	(3219, '2026-09-07', 154, 'A', '2026-06-03 16:58:04', '2026-06-03 16:58:04'),
	(3220, '2026-09-07', 150, 'A', '2026-06-03 16:58:04', '2026-06-03 16:58:04'),
	(3221, '2026-09-07', 166, 'A', '2026-06-03 16:58:04', '2026-06-03 16:58:04'),
	(3222, '2026-09-08', 101, 'A', '2026-06-03 16:58:04', '2026-06-03 16:58:04'),
	(3223, '2026-09-08', 107, 'A', '2026-06-03 16:58:04', '2026-06-03 16:58:04'),
	(3224, '2026-09-08', 115, 'A', '2026-06-03 16:58:04', '2026-06-03 16:58:04'),
	(3225, '2026-09-08', 141, 'A', '2026-06-03 16:58:04', '2026-06-03 16:58:04'),
	(3226, '2026-09-08', 156, 'A', '2026-06-03 16:58:04', '2026-06-03 16:58:04'),
	(3227, '2026-09-09', 97, 'A', '2026-06-03 16:58:04', '2026-06-03 16:58:04'),
	(3228, '2026-09-09', 118, 'A', '2026-06-03 16:58:04', '2026-06-03 16:58:04'),
	(3229, '2026-09-09', 128, 'A', '2026-06-03 16:58:04', '2026-06-03 16:58:04'),
	(3230, '2026-09-09', 139, 'A', '2026-06-03 16:58:04', '2026-06-03 16:58:04'),
	(3231, '2026-09-09', 151, 'A', '2026-06-03 16:58:04', '2026-06-03 16:58:04'),
	(3232, '2026-09-09', 167, 'A', '2026-06-03 16:58:04', '2026-06-03 16:58:04'),
	(3233, '2026-09-10', 121, 'A', '2026-06-03 16:58:04', '2026-06-03 16:58:04'),
	(3234, '2026-09-10', 117, 'A', '2026-06-03 16:58:04', '2026-06-03 16:58:04'),
	(3235, '2026-09-10', 119, 'A', '2026-06-03 16:58:04', '2026-06-03 16:58:04'),
	(3236, '2026-09-10', 136, 'A', '2026-06-03 16:58:04', '2026-06-03 16:58:04'),
	(3237, '2026-09-10', 157, 'A', '2026-06-03 16:58:04', '2026-06-03 16:58:04'),
	(3238, '2026-09-10', 147, 'A', '2026-06-03 16:58:04', '2026-06-03 16:58:04'),
	(3239, '2026-09-10', 164, 'A', '2026-06-03 16:58:04', '2026-06-03 16:58:04'),
	(3240, '2026-09-11', 102, 'A', '2026-06-03 16:58:04', '2026-06-03 16:58:04'),
	(3241, '2026-09-11', 113, 'A', '2026-06-03 16:58:04', '2026-06-03 16:58:04'),
	(3242, '2026-09-11', 144, 'A', '2026-06-03 16:58:04', '2026-06-03 16:58:04'),
	(3243, '2026-09-11', 159, 'A', '2026-06-03 16:58:04', '2026-06-03 16:58:04'),
	(3244, '2026-09-11', 158, 'A', '2026-06-03 16:58:04', '2026-06-03 16:58:04'),
	(3245, '2026-09-11', 163, 'A', '2026-06-03 16:58:04', '2026-06-03 16:58:04'),
	(3246, '2026-09-14', 100, 'A', '2026-06-03 16:58:04', '2026-06-03 16:58:04'),
	(3247, '2026-09-14', 106, 'A', '2026-06-03 16:58:04', '2026-06-03 16:58:04'),
	(3248, '2026-09-14', 109, 'A', '2026-06-03 16:58:04', '2026-06-03 16:58:04'),
	(3249, '2026-09-14', 120, 'A', '2026-06-03 16:58:04', '2026-06-03 16:58:04'),
	(3250, '2026-09-14', 154, 'A', '2026-06-03 16:58:04', '2026-06-03 16:58:04'),
	(3251, '2026-09-14', 150, 'A', '2026-06-03 16:58:04', '2026-06-03 16:58:04'),
	(3252, '2026-09-14', 166, 'A', '2026-06-03 16:58:04', '2026-06-03 16:58:04'),
	(3253, '2026-09-15', 101, 'A', '2026-06-03 16:58:04', '2026-06-03 16:58:04'),
	(3254, '2026-09-15', 107, 'A', '2026-06-03 16:58:04', '2026-06-03 16:58:04'),
	(3255, '2026-09-15', 115, 'A', '2026-06-03 16:58:04', '2026-06-03 16:58:04'),
	(3256, '2026-09-15', 141, 'A', '2026-06-03 16:58:04', '2026-06-03 16:58:04'),
	(3257, '2026-09-15', 156, 'A', '2026-06-03 16:58:04', '2026-06-03 16:58:04'),
	(3258, '2026-09-16', 97, 'A', '2026-06-03 16:58:04', '2026-06-03 16:58:04'),
	(3259, '2026-09-16', 118, 'A', '2026-06-03 16:58:04', '2026-06-03 16:58:04'),
	(3260, '2026-09-16', 128, 'A', '2026-06-03 16:58:04', '2026-06-03 16:58:04'),
	(3261, '2026-09-16', 139, 'A', '2026-06-03 16:58:04', '2026-06-03 16:58:04'),
	(3262, '2026-09-16', 151, 'A', '2026-06-03 16:58:04', '2026-06-03 16:58:04'),
	(3263, '2026-09-16', 167, 'A', '2026-06-03 16:58:04', '2026-06-03 16:58:04'),
	(3264, '2026-09-17', 121, 'A', '2026-06-03 16:58:04', '2026-06-03 16:58:04'),
	(3265, '2026-09-17', 117, 'A', '2026-06-03 16:58:04', '2026-06-03 16:58:04'),
	(3266, '2026-09-17', 119, 'A', '2026-06-03 16:58:04', '2026-06-03 16:58:04'),
	(3267, '2026-09-17', 136, 'A', '2026-06-03 16:58:04', '2026-06-03 16:58:04'),
	(3268, '2026-09-17', 157, 'A', '2026-06-03 16:58:04', '2026-06-03 16:58:04'),
	(3269, '2026-09-17', 147, 'A', '2026-06-03 16:58:04', '2026-06-03 16:58:04'),
	(3270, '2026-09-17', 164, 'A', '2026-06-03 16:58:04', '2026-06-03 16:58:04'),
	(3271, '2026-09-18', 102, 'A', '2026-06-03 16:58:04', '2026-06-03 16:58:04'),
	(3272, '2026-09-18', 113, 'A', '2026-06-03 16:58:04', '2026-06-03 16:58:04'),
	(3273, '2026-09-18', 144, 'A', '2026-06-03 16:58:04', '2026-06-03 16:58:04'),
	(3274, '2026-09-18', 159, 'A', '2026-06-03 16:58:04', '2026-06-03 16:58:04'),
	(3275, '2026-09-18', 158, 'A', '2026-06-03 16:58:04', '2026-06-03 16:58:04'),
	(3276, '2026-09-18', 163, 'A', '2026-06-03 16:58:04', '2026-06-03 16:58:04'),
	(3277, '2026-09-21', 100, 'A', '2026-06-03 16:58:04', '2026-06-03 16:58:04'),
	(3278, '2026-09-21', 106, 'A', '2026-06-03 16:58:04', '2026-06-03 16:58:04'),
	(3279, '2026-09-21', 109, 'A', '2026-06-03 16:58:04', '2026-06-03 16:58:04'),
	(3280, '2026-09-21', 120, 'A', '2026-06-03 16:58:04', '2026-06-03 16:58:04'),
	(3281, '2026-09-21', 154, 'A', '2026-06-03 16:58:04', '2026-06-03 16:58:04'),
	(3282, '2026-09-21', 150, 'A', '2026-06-03 16:58:04', '2026-06-03 16:58:04'),
	(3283, '2026-09-21', 166, 'A', '2026-06-03 16:58:04', '2026-06-03 16:58:04'),
	(3284, '2026-09-22', 101, 'A', '2026-06-03 16:58:04', '2026-06-03 16:58:04'),
	(3285, '2026-09-22', 107, 'A', '2026-06-03 16:58:04', '2026-06-03 16:58:04'),
	(3286, '2026-09-22', 115, 'A', '2026-06-03 16:58:04', '2026-06-03 16:58:04'),
	(3287, '2026-09-22', 141, 'A', '2026-06-03 16:58:04', '2026-06-03 16:58:04'),
	(3288, '2026-09-22', 156, 'A', '2026-06-03 16:58:04', '2026-06-03 16:58:04'),
	(3289, '2026-09-23', 97, 'A', '2026-06-03 16:58:04', '2026-06-03 16:58:04'),
	(3290, '2026-09-23', 118, 'A', '2026-06-03 16:58:04', '2026-06-03 16:58:04'),
	(3291, '2026-09-23', 128, 'A', '2026-06-03 16:58:04', '2026-06-03 16:58:04'),
	(3292, '2026-09-23', 139, 'A', '2026-06-03 16:58:04', '2026-06-03 16:58:04'),
	(3293, '2026-09-23', 151, 'A', '2026-06-03 16:58:04', '2026-06-03 16:58:04'),
	(3294, '2026-09-23', 167, 'A', '2026-06-03 16:58:04', '2026-06-03 16:58:04'),
	(3295, '2026-09-25', 102, 'A', '2026-06-03 16:58:04', '2026-06-03 16:58:04'),
	(3296, '2026-09-25', 113, 'A', '2026-06-03 16:58:04', '2026-06-03 16:58:04'),
	(3297, '2026-09-25', 144, 'A', '2026-06-03 16:58:04', '2026-06-03 16:58:04'),
	(3298, '2026-09-25', 159, 'A', '2026-06-03 16:58:04', '2026-06-03 16:58:04'),
	(3299, '2026-09-25', 158, 'A', '2026-06-03 16:58:04', '2026-06-03 16:58:04'),
	(3300, '2026-09-25', 163, 'A', '2026-06-03 16:58:04', '2026-06-03 16:58:04'),
	(3301, '2026-09-28', 100, 'A', '2026-06-03 16:58:04', '2026-06-03 16:58:04'),
	(3302, '2026-09-28', 106, 'A', '2026-06-03 16:58:04', '2026-06-03 16:58:04'),
	(3303, '2026-09-28', 109, 'A', '2026-06-03 16:58:04', '2026-06-03 16:58:04'),
	(3304, '2026-09-28', 120, 'A', '2026-06-03 16:58:04', '2026-06-03 16:58:04'),
	(3305, '2026-09-28', 154, 'A', '2026-06-03 16:58:04', '2026-06-03 16:58:04'),
	(3306, '2026-09-28', 150, 'A', '2026-06-03 16:58:04', '2026-06-03 16:58:04'),
	(3307, '2026-09-28', 166, 'A', '2026-06-03 16:58:04', '2026-06-03 16:58:04'),
	(3308, '2026-09-29', 101, 'A', '2026-06-03 16:58:04', '2026-06-03 16:58:04'),
	(3309, '2026-09-29', 107, 'A', '2026-06-03 16:58:04', '2026-06-03 16:58:04'),
	(3310, '2026-09-29', 115, 'A', '2026-06-03 16:58:04', '2026-06-03 16:58:04'),
	(3311, '2026-09-29', 141, 'A', '2026-06-03 16:58:04', '2026-06-03 16:58:04'),
	(3312, '2026-09-29', 156, 'A', '2026-06-03 16:58:04', '2026-06-03 16:58:04'),
	(3313, '2026-09-30', 97, 'A', '2026-06-03 16:58:04', '2026-06-03 16:58:04'),
	(3314, '2026-09-30', 118, 'A', '2026-06-03 16:58:04', '2026-06-03 16:58:04'),
	(3315, '2026-09-30', 128, 'A', '2026-06-03 16:58:04', '2026-06-03 16:58:04'),
	(3316, '2026-09-30', 139, 'A', '2026-06-03 16:58:04', '2026-06-03 16:58:04'),
	(3317, '2026-09-30', 151, 'A', '2026-06-03 16:58:04', '2026-06-03 16:58:04'),
	(3318, '2026-09-30', 167, 'A', '2026-06-03 16:58:04', '2026-06-03 16:58:04'),
	(3319, '2026-10-01', 121, 'A', '2026-06-03 16:58:04', '2026-06-03 16:58:04'),
	(3320, '2026-10-01', 117, 'A', '2026-06-03 16:58:04', '2026-06-03 16:58:04'),
	(3321, '2026-10-01', 119, 'A', '2026-06-03 16:58:04', '2026-06-03 16:58:04'),
	(3322, '2026-10-01', 136, 'A', '2026-06-03 16:58:04', '2026-06-03 16:58:04'),
	(3323, '2026-10-01', 157, 'A', '2026-06-03 16:58:04', '2026-06-03 16:58:04'),
	(3324, '2026-10-01', 147, 'A', '2026-06-03 16:58:04', '2026-06-03 16:58:04'),
	(3325, '2026-10-01', 164, 'A', '2026-06-03 16:58:04', '2026-06-03 16:58:04'),
	(3326, '2026-10-02', 102, 'A', '2026-06-03 16:58:04', '2026-06-03 16:58:04'),
	(3327, '2026-10-02', 113, 'A', '2026-06-03 16:58:04', '2026-06-03 16:58:04'),
	(3328, '2026-10-02', 144, 'A', '2026-06-03 16:58:04', '2026-06-03 16:58:04'),
	(3329, '2026-10-02', 159, 'A', '2026-06-03 16:58:04', '2026-06-03 16:58:04'),
	(3330, '2026-10-02', 158, 'A', '2026-06-03 16:58:04', '2026-06-03 16:58:04'),
	(3331, '2026-10-02', 163, 'A', '2026-06-03 16:58:04', '2026-06-03 16:58:04'),
	(3332, '2026-10-05', 100, 'A', '2026-06-03 16:58:04', '2026-06-03 16:58:04'),
	(3333, '2026-10-05', 106, 'A', '2026-06-03 16:58:04', '2026-06-03 16:58:04'),
	(3334, '2026-10-05', 109, 'A', '2026-06-03 16:58:04', '2026-06-03 16:58:04'),
	(3335, '2026-10-05', 120, 'A', '2026-06-03 16:58:04', '2026-06-03 16:58:04'),
	(3336, '2026-10-05', 154, 'A', '2026-06-03 16:58:04', '2026-06-03 16:58:04'),
	(3337, '2026-10-05', 150, 'A', '2026-06-03 16:58:04', '2026-06-03 16:58:04'),
	(3338, '2026-10-05', 166, 'A', '2026-06-03 16:58:04', '2026-06-03 16:58:04'),
	(3339, '2026-10-06', 101, 'A', '2026-06-03 16:58:04', '2026-06-03 16:58:04'),
	(3340, '2026-10-06', 107, 'A', '2026-06-03 16:58:04', '2026-06-03 16:58:04'),
	(3341, '2026-10-06', 115, 'A', '2026-06-03 16:58:04', '2026-06-03 16:58:04'),
	(3342, '2026-10-06', 141, 'A', '2026-06-03 16:58:04', '2026-06-03 16:58:04'),
	(3343, '2026-10-06', 156, 'A', '2026-06-03 16:58:04', '2026-06-03 16:58:04'),
	(3344, '2026-10-07', 97, 'A', '2026-06-03 16:58:04', '2026-06-03 16:58:04'),
	(3345, '2026-10-07', 118, 'A', '2026-06-03 16:58:04', '2026-06-03 16:58:04'),
	(3346, '2026-10-07', 128, 'A', '2026-06-03 16:58:04', '2026-06-03 16:58:04'),
	(3347, '2026-10-07', 139, 'A', '2026-06-03 16:58:04', '2026-06-03 16:58:04'),
	(3348, '2026-10-07', 151, 'A', '2026-06-03 16:58:04', '2026-06-03 16:58:04'),
	(3349, '2026-10-07', 167, 'A', '2026-06-03 16:58:04', '2026-06-03 16:58:04'),
	(3350, '2026-10-08', 121, 'A', '2026-06-03 16:58:04', '2026-06-03 16:58:04'),
	(3351, '2026-10-08', 117, 'A', '2026-06-03 16:58:04', '2026-06-03 16:58:04'),
	(3352, '2026-10-08', 119, 'A', '2026-06-03 16:58:04', '2026-06-03 16:58:04'),
	(3353, '2026-10-08', 136, 'A', '2026-06-03 16:58:04', '2026-06-03 16:58:04'),
	(3354, '2026-10-08', 157, 'A', '2026-06-03 16:58:04', '2026-06-03 16:58:04'),
	(3355, '2026-10-08', 147, 'A', '2026-06-03 16:58:04', '2026-06-03 16:58:04'),
	(3356, '2026-10-08', 164, 'A', '2026-06-03 16:58:04', '2026-06-03 16:58:04'),
	(3357, '2026-10-09', 102, 'A', '2026-06-03 16:58:04', '2026-06-03 16:58:04'),
	(3358, '2026-10-09', 113, 'A', '2026-06-03 16:58:04', '2026-06-03 16:58:04'),
	(3359, '2026-10-09', 144, 'A', '2026-06-03 16:58:04', '2026-06-03 16:58:04'),
	(3360, '2026-10-09', 159, 'A', '2026-06-03 16:58:04', '2026-06-03 16:58:04'),
	(3361, '2026-10-09', 158, 'A', '2026-06-03 16:58:04', '2026-06-03 16:58:04'),
	(3362, '2026-10-09', 163, 'A', '2026-06-03 16:58:04', '2026-06-03 16:58:04'),
	(3363, '2026-10-12', 100, 'A', '2026-06-03 16:58:04', '2026-06-03 16:58:04'),
	(3364, '2026-10-12', 106, 'A', '2026-06-03 16:58:04', '2026-06-03 16:58:04'),
	(3365, '2026-10-12', 109, 'A', '2026-06-03 16:58:04', '2026-06-03 16:58:04'),
	(3366, '2026-10-12', 120, 'A', '2026-06-03 16:58:04', '2026-06-03 16:58:04'),
	(3367, '2026-10-12', 154, 'A', '2026-06-03 16:58:04', '2026-06-03 16:58:04'),
	(3368, '2026-10-12', 150, 'A', '2026-06-03 16:58:04', '2026-06-03 16:58:04'),
	(3369, '2026-10-12', 166, 'A', '2026-06-03 16:58:04', '2026-06-03 16:58:04'),
	(3370, '2026-10-13', 101, 'A', '2026-06-03 16:58:04', '2026-06-03 16:58:04'),
	(3371, '2026-10-13', 107, 'A', '2026-06-03 16:58:04', '2026-06-03 16:58:04'),
	(3372, '2026-10-13', 115, 'A', '2026-06-03 16:58:04', '2026-06-03 16:58:04'),
	(3373, '2026-10-13', 141, 'A', '2026-06-03 16:58:04', '2026-06-03 16:58:04'),
	(3374, '2026-10-13', 156, 'A', '2026-06-03 16:58:04', '2026-06-03 16:58:04'),
	(3375, '2026-10-14', 97, 'A', '2026-06-03 16:58:04', '2026-06-03 16:58:04'),
	(3376, '2026-10-14', 118, 'A', '2026-06-03 16:58:04', '2026-06-03 16:58:04'),
	(3377, '2026-10-14', 128, 'A', '2026-06-03 16:58:04', '2026-06-03 16:58:04'),
	(3378, '2026-10-14', 139, 'A', '2026-06-03 16:58:04', '2026-06-03 16:58:04'),
	(3379, '2026-10-14', 151, 'A', '2026-06-03 16:58:04', '2026-06-03 16:58:04'),
	(3380, '2026-10-14', 167, 'A', '2026-06-03 16:58:04', '2026-06-03 16:58:04'),
	(3381, '2026-10-15', 121, 'A', '2026-06-03 16:58:04', '2026-06-03 16:58:04'),
	(3382, '2026-10-15', 117, 'A', '2026-06-03 16:58:04', '2026-06-03 16:58:04'),
	(3383, '2026-10-15', 119, 'A', '2026-06-03 16:58:04', '2026-06-03 16:58:04'),
	(3384, '2026-10-15', 136, 'A', '2026-06-03 16:58:04', '2026-06-03 16:58:04'),
	(3385, '2026-10-15', 157, 'A', '2026-06-03 16:58:04', '2026-06-03 16:58:04'),
	(3386, '2026-10-15', 147, 'A', '2026-06-03 16:58:04', '2026-06-03 16:58:04'),
	(3387, '2026-10-15', 164, 'A', '2026-06-03 16:58:04', '2026-06-03 16:58:04'),
	(3388, '2026-10-16', 102, 'A', '2026-06-03 16:58:04', '2026-06-03 16:58:04'),
	(3389, '2026-10-16', 113, 'A', '2026-06-03 16:58:04', '2026-06-03 16:58:04'),
	(3390, '2026-10-16', 144, 'A', '2026-06-03 16:58:04', '2026-06-03 16:58:04'),
	(3391, '2026-10-16', 159, 'A', '2026-06-03 16:58:04', '2026-06-03 16:58:04'),
	(3392, '2026-10-16', 158, 'A', '2026-06-03 16:58:04', '2026-06-03 16:58:04'),
	(3393, '2026-10-16', 163, 'A', '2026-06-03 16:58:04', '2026-06-03 16:58:04'),
	(3394, '2026-10-19', 100, 'A', '2026-06-03 16:58:04', '2026-06-03 16:58:04'),
	(3395, '2026-10-19', 106, 'A', '2026-06-03 16:58:04', '2026-06-03 16:58:04'),
	(3396, '2026-10-19', 109, 'A', '2026-06-03 16:58:04', '2026-06-03 16:58:04'),
	(3397, '2026-10-19', 120, 'A', '2026-06-03 16:58:04', '2026-06-03 16:58:04'),
	(3398, '2026-10-19', 154, 'A', '2026-06-03 16:58:04', '2026-06-03 16:58:04'),
	(3399, '2026-10-19', 150, 'A', '2026-06-03 16:58:04', '2026-06-03 16:58:04'),
	(3400, '2026-10-19', 166, 'A', '2026-06-03 16:58:04', '2026-06-03 16:58:04'),
	(3401, '2026-10-20', 101, 'A', '2026-06-03 16:58:04', '2026-06-03 16:58:04'),
	(3402, '2026-10-20', 107, 'A', '2026-06-03 16:58:04', '2026-06-03 16:58:04'),
	(3403, '2026-10-20', 115, 'A', '2026-06-03 16:58:04', '2026-06-03 16:58:04'),
	(3404, '2026-10-20', 141, 'A', '2026-06-03 16:58:04', '2026-06-03 16:58:04'),
	(3405, '2026-10-20', 156, 'A', '2026-06-03 16:58:04', '2026-06-03 16:58:04'),
	(3406, '2026-10-21', 97, 'A', '2026-06-03 16:58:04', '2026-06-03 16:58:04'),
	(3407, '2026-10-21', 118, 'A', '2026-06-03 16:58:04', '2026-06-03 16:58:04'),
	(3408, '2026-10-21', 128, 'A', '2026-06-03 16:58:04', '2026-06-03 16:58:04'),
	(3409, '2026-10-21', 139, 'A', '2026-06-03 16:58:04', '2026-06-03 16:58:04'),
	(3410, '2026-10-21', 151, 'A', '2026-06-03 16:58:04', '2026-06-03 16:58:04'),
	(3411, '2026-10-21', 167, 'A', '2026-06-03 16:58:04', '2026-06-03 16:58:04'),
	(3412, '2026-10-22', 121, 'A', '2026-06-03 16:58:04', '2026-06-03 16:58:04'),
	(3413, '2026-10-22', 117, 'A', '2026-06-03 16:58:04', '2026-06-03 16:58:04'),
	(3414, '2026-10-22', 119, 'A', '2026-06-03 16:58:04', '2026-06-03 16:58:04'),
	(3415, '2026-10-22', 136, 'A', '2026-06-03 16:58:04', '2026-06-03 16:58:04'),
	(3416, '2026-10-22', 157, 'A', '2026-06-03 16:58:04', '2026-06-03 16:58:04'),
	(3417, '2026-10-22', 147, 'A', '2026-06-03 16:58:04', '2026-06-03 16:58:04'),
	(3418, '2026-10-22', 164, 'A', '2026-06-03 16:58:04', '2026-06-03 16:58:04'),
	(3419, '2026-10-23', 102, 'A', '2026-06-03 16:58:04', '2026-06-03 16:58:04'),
	(3420, '2026-10-23', 113, 'A', '2026-06-03 16:58:04', '2026-06-03 16:58:04'),
	(3421, '2026-10-23', 144, 'A', '2026-06-03 16:58:04', '2026-06-03 16:58:04'),
	(3422, '2026-10-23', 159, 'A', '2026-06-03 16:58:04', '2026-06-03 16:58:04'),
	(3423, '2026-10-23', 158, 'A', '2026-06-03 16:58:04', '2026-06-03 16:58:04'),
	(3424, '2026-10-23', 163, 'A', '2026-06-03 16:58:04', '2026-06-03 16:58:04'),
	(3425, '2026-10-26', 100, 'A', '2026-06-03 16:58:04', '2026-06-03 16:58:04'),
	(3426, '2026-10-26', 106, 'A', '2026-06-03 16:58:04', '2026-06-03 16:58:04'),
	(3427, '2026-10-26', 109, 'A', '2026-06-03 16:58:04', '2026-06-03 16:58:04'),
	(3428, '2026-10-26', 120, 'A', '2026-06-03 16:58:04', '2026-06-03 16:58:04'),
	(3429, '2026-10-26', 154, 'A', '2026-06-03 16:58:04', '2026-06-03 16:58:04'),
	(3430, '2026-10-26', 150, 'A', '2026-06-03 16:58:04', '2026-06-03 16:58:04'),
	(3431, '2026-10-26', 166, 'A', '2026-06-03 16:58:04', '2026-06-03 16:58:04'),
	(3432, '2026-10-27', 101, 'A', '2026-06-03 16:58:04', '2026-06-03 16:58:04'),
	(3433, '2026-10-27', 107, 'A', '2026-06-03 16:58:04', '2026-06-03 16:58:04'),
	(3434, '2026-10-27', 115, 'A', '2026-06-03 16:58:04', '2026-06-03 16:58:04'),
	(3435, '2026-10-27', 141, 'A', '2026-06-03 16:58:04', '2026-06-03 16:58:04'),
	(3436, '2026-10-27', 156, 'A', '2026-06-03 16:58:04', '2026-06-03 16:58:04'),
	(3437, '2026-10-28', 97, 'A', '2026-06-03 16:58:04', '2026-06-03 16:58:04'),
	(3438, '2026-10-28', 118, 'A', '2026-06-03 16:58:04', '2026-06-03 16:58:04'),
	(3439, '2026-10-28', 128, 'A', '2026-06-03 16:58:04', '2026-06-03 16:58:04'),
	(3440, '2026-10-28', 139, 'A', '2026-06-03 16:58:04', '2026-06-03 16:58:04'),
	(3441, '2026-10-28', 151, 'A', '2026-06-03 16:58:04', '2026-06-03 16:58:04'),
	(3442, '2026-10-28', 167, 'A', '2026-06-03 16:58:04', '2026-06-03 16:58:04'),
	(3443, '2026-10-29', 121, 'A', '2026-06-03 16:58:04', '2026-06-03 16:58:04'),
	(3444, '2026-10-29', 117, 'A', '2026-06-03 16:58:04', '2026-06-03 16:58:04'),
	(3445, '2026-10-29', 119, 'A', '2026-06-03 16:58:04', '2026-06-03 16:58:04'),
	(3446, '2026-10-29', 136, 'A', '2026-06-03 16:58:04', '2026-06-03 16:58:04'),
	(3447, '2026-10-29', 157, 'A', '2026-06-03 16:58:04', '2026-06-03 16:58:04'),
	(3448, '2026-10-29', 147, 'A', '2026-06-03 16:58:04', '2026-06-03 16:58:04'),
	(3449, '2026-10-29', 164, 'A', '2026-06-03 16:58:04', '2026-06-03 16:58:04'),
	(3450, '2026-10-30', 102, 'A', '2026-06-03 16:58:04', '2026-06-03 16:58:04'),
	(3451, '2026-10-30', 113, 'A', '2026-06-03 16:58:04', '2026-06-03 16:58:04'),
	(3452, '2026-10-30', 144, 'A', '2026-06-03 16:58:04', '2026-06-03 16:58:04'),
	(3453, '2026-10-30', 159, 'A', '2026-06-03 16:58:04', '2026-06-03 16:58:04'),
	(3454, '2026-10-30', 158, 'A', '2026-06-03 16:58:04', '2026-06-03 16:58:04'),
	(3455, '2026-10-30', 163, 'A', '2026-06-03 16:58:04', '2026-06-03 16:58:04'),
	(3456, '2026-11-02', 100, 'A', '2026-06-03 16:58:04', '2026-06-03 16:58:04'),
	(3457, '2026-11-02', 106, 'A', '2026-06-03 16:58:04', '2026-06-03 16:58:04'),
	(3458, '2026-11-02', 109, 'A', '2026-06-03 16:58:04', '2026-06-03 16:58:04'),
	(3459, '2026-11-02', 120, 'A', '2026-06-03 16:58:04', '2026-06-03 16:58:04'),
	(3460, '2026-11-02', 154, 'A', '2026-06-03 16:58:04', '2026-06-03 16:58:04'),
	(3461, '2026-11-02', 150, 'A', '2026-06-03 16:58:04', '2026-06-03 16:58:04'),
	(3462, '2026-11-02', 166, 'A', '2026-06-03 16:58:04', '2026-06-03 16:58:04'),
	(3463, '2026-11-03', 101, 'A', '2026-06-03 16:58:04', '2026-06-03 16:58:04'),
	(3464, '2026-11-03', 107, 'A', '2026-06-03 16:58:04', '2026-06-03 16:58:04'),
	(3465, '2026-11-03', 115, 'A', '2026-06-03 16:58:04', '2026-06-03 16:58:04'),
	(3466, '2026-11-03', 141, 'A', '2026-06-03 16:58:04', '2026-06-03 16:58:04'),
	(3467, '2026-11-03', 156, 'A', '2026-06-03 16:58:04', '2026-06-03 16:58:04'),
	(3468, '2026-11-04', 97, 'A', '2026-06-03 16:58:04', '2026-06-03 16:58:04'),
	(3469, '2026-11-04', 118, 'A', '2026-06-03 16:58:04', '2026-06-03 16:58:04'),
	(3470, '2026-11-04', 128, 'A', '2026-06-03 16:58:04', '2026-06-03 16:58:04'),
	(3471, '2026-11-04', 139, 'A', '2026-06-03 16:58:04', '2026-06-03 16:58:04'),
	(3472, '2026-11-04', 151, 'A', '2026-06-03 16:58:04', '2026-06-03 16:58:04'),
	(3473, '2026-11-04', 167, 'A', '2026-06-03 16:58:04', '2026-06-03 16:58:04'),
	(3474, '2026-11-05', 121, 'A', '2026-06-03 16:58:04', '2026-06-03 16:58:04'),
	(3475, '2026-11-05', 117, 'A', '2026-06-03 16:58:04', '2026-06-03 16:58:04'),
	(3476, '2026-11-05', 119, 'A', '2026-06-03 16:58:04', '2026-06-03 16:58:04'),
	(3477, '2026-11-05', 136, 'A', '2026-06-03 16:58:04', '2026-06-03 16:58:04'),
	(3478, '2026-11-05', 157, 'A', '2026-06-03 16:58:04', '2026-06-03 16:58:04'),
	(3479, '2026-11-05', 147, 'A', '2026-06-03 16:58:04', '2026-06-03 16:58:04'),
	(3480, '2026-11-05', 164, 'A', '2026-06-03 16:58:04', '2026-06-03 16:58:04'),
	(3481, '2026-11-06', 102, 'A', '2026-06-03 16:58:04', '2026-06-03 16:58:04'),
	(3482, '2026-11-06', 113, 'A', '2026-06-03 16:58:04', '2026-06-03 16:58:04'),
	(3483, '2026-11-06', 144, 'A', '2026-06-03 16:58:04', '2026-06-03 16:58:04'),
	(3484, '2026-11-06', 159, 'A', '2026-06-03 16:58:04', '2026-06-03 16:58:04'),
	(3485, '2026-11-06', 158, 'A', '2026-06-03 16:58:04', '2026-06-03 16:58:04'),
	(3486, '2026-11-06', 163, 'A', '2026-06-03 16:58:04', '2026-06-03 16:58:04'),
	(3487, '2026-11-09', 100, 'A', '2026-06-03 16:58:04', '2026-06-03 16:58:04'),
	(3488, '2026-11-09', 106, 'A', '2026-06-03 16:58:04', '2026-06-03 16:58:04'),
	(3489, '2026-11-09', 109, 'A', '2026-06-03 16:58:04', '2026-06-03 16:58:04'),
	(3490, '2026-11-09', 120, 'A', '2026-06-03 16:58:04', '2026-06-03 16:58:04'),
	(3491, '2026-11-09', 154, 'A', '2026-06-03 16:58:04', '2026-06-03 16:58:04'),
	(3492, '2026-11-09', 150, 'A', '2026-06-03 16:58:04', '2026-06-03 16:58:04'),
	(3493, '2026-11-09', 166, 'A', '2026-06-03 16:58:04', '2026-06-03 16:58:04'),
	(3494, '2026-11-10', 101, 'A', '2026-06-03 16:58:04', '2026-06-03 16:58:04'),
	(3495, '2026-11-10', 107, 'A', '2026-06-03 16:58:04', '2026-06-03 16:58:04'),
	(3496, '2026-11-10', 115, 'A', '2026-06-03 16:58:04', '2026-06-03 16:58:04'),
	(3497, '2026-11-10', 141, 'A', '2026-06-03 16:58:04', '2026-06-03 16:58:04'),
	(3498, '2026-11-10', 156, 'A', '2026-06-03 16:58:04', '2026-06-03 16:58:04'),
	(3499, '2026-11-11', 97, 'A', '2026-06-03 16:58:04', '2026-06-03 16:58:04'),
	(3500, '2026-11-11', 118, 'A', '2026-06-03 16:58:04', '2026-06-03 16:58:04'),
	(3501, '2026-11-11', 128, 'A', '2026-06-03 16:58:04', '2026-06-03 16:58:04'),
	(3502, '2026-11-11', 139, 'A', '2026-06-03 16:58:04', '2026-06-03 16:58:04'),
	(3503, '2026-11-11', 151, 'A', '2026-06-03 16:58:04', '2026-06-03 16:58:04'),
	(3504, '2026-11-11', 167, 'A', '2026-06-03 16:58:04', '2026-06-03 16:58:04'),
	(3505, '2026-11-12', 121, 'A', '2026-06-03 16:58:04', '2026-06-03 16:58:04'),
	(3506, '2026-11-12', 117, 'A', '2026-06-03 16:58:04', '2026-06-03 16:58:04'),
	(3507, '2026-11-12', 119, 'A', '2026-06-03 16:58:04', '2026-06-03 16:58:04'),
	(3508, '2026-11-12', 136, 'A', '2026-06-03 16:58:04', '2026-06-03 16:58:04'),
	(3509, '2026-11-12', 157, 'A', '2026-06-03 16:58:04', '2026-06-03 16:58:04'),
	(3510, '2026-11-12', 147, 'A', '2026-06-03 16:58:04', '2026-06-03 16:58:04'),
	(3511, '2026-11-12', 164, 'A', '2026-06-03 16:58:04', '2026-06-03 16:58:04'),
	(3512, '2026-11-13', 102, 'A', '2026-06-03 16:58:04', '2026-06-03 16:58:04'),
	(3513, '2026-11-13', 113, 'A', '2026-06-03 16:58:04', '2026-06-03 16:58:04'),
	(3514, '2026-11-13', 144, 'A', '2026-06-03 16:58:04', '2026-06-03 16:58:04'),
	(3515, '2026-11-13', 159, 'A', '2026-06-03 16:58:04', '2026-06-03 16:58:04'),
	(3516, '2026-11-13', 158, 'A', '2026-06-03 16:58:04', '2026-06-03 16:58:04'),
	(3517, '2026-11-13', 163, 'A', '2026-06-03 16:58:04', '2026-06-03 16:58:04'),
	(3518, '2026-11-16', 100, 'A', '2026-06-03 16:58:04', '2026-06-03 16:58:04'),
	(3519, '2026-11-16', 106, 'A', '2026-06-03 16:58:04', '2026-06-03 16:58:04'),
	(3520, '2026-11-16', 109, 'A', '2026-06-03 16:58:04', '2026-06-03 16:58:04'),
	(3521, '2026-11-16', 120, 'A', '2026-06-03 16:58:04', '2026-06-03 16:58:04'),
	(3522, '2026-11-16', 154, 'A', '2026-06-03 16:58:04', '2026-06-03 16:58:04'),
	(3523, '2026-11-16', 150, 'A', '2026-06-03 16:58:04', '2026-06-03 16:58:04'),
	(3524, '2026-11-16', 166, 'A', '2026-06-03 16:58:04', '2026-06-03 16:58:04'),
	(3525, '2026-11-17', 101, 'A', '2026-06-03 16:58:04', '2026-06-03 16:58:04'),
	(3526, '2026-11-17', 107, 'A', '2026-06-03 16:58:04', '2026-06-03 16:58:04'),
	(3527, '2026-11-17', 115, 'A', '2026-06-03 16:58:04', '2026-06-03 16:58:04'),
	(3528, '2026-11-17', 141, 'A', '2026-06-03 16:58:04', '2026-06-03 16:58:04'),
	(3529, '2026-11-17', 156, 'A', '2026-06-03 16:58:04', '2026-06-03 16:58:04'),
	(3530, '2026-11-18', 97, 'A', '2026-06-03 16:58:04', '2026-06-03 16:58:04'),
	(3531, '2026-11-18', 118, 'A', '2026-06-03 16:58:04', '2026-06-03 16:58:04'),
	(3532, '2026-11-18', 128, 'A', '2026-06-03 16:58:04', '2026-06-03 16:58:04'),
	(3533, '2026-11-18', 139, 'A', '2026-06-03 16:58:04', '2026-06-03 16:58:04'),
	(3534, '2026-11-18', 151, 'A', '2026-06-03 16:58:04', '2026-06-03 16:58:04'),
	(3535, '2026-11-18', 167, 'A', '2026-06-03 16:58:04', '2026-06-03 16:58:04'),
	(3536, '2026-11-19', 121, 'A', '2026-06-03 16:58:04', '2026-06-03 16:58:04'),
	(3537, '2026-11-19', 117, 'A', '2026-06-03 16:58:04', '2026-06-03 16:58:04'),
	(3538, '2026-11-19', 119, 'A', '2026-06-03 16:58:04', '2026-06-03 16:58:04'),
	(3539, '2026-11-19', 136, 'A', '2026-06-03 16:58:04', '2026-06-03 16:58:04'),
	(3540, '2026-11-19', 157, 'A', '2026-06-03 16:58:04', '2026-06-03 16:58:04'),
	(3541, '2026-11-19', 147, 'A', '2026-06-03 16:58:04', '2026-06-03 16:58:04'),
	(3542, '2026-11-19', 164, 'A', '2026-06-03 16:58:04', '2026-06-03 16:58:04'),
	(3543, '2026-11-20', 102, 'A', '2026-06-03 16:58:04', '2026-06-03 16:58:04'),
	(3544, '2026-11-20', 113, 'A', '2026-06-03 16:58:04', '2026-06-03 16:58:04'),
	(3545, '2026-11-20', 144, 'A', '2026-06-03 16:58:04', '2026-06-03 16:58:04'),
	(3546, '2026-11-20', 159, 'A', '2026-06-03 16:58:04', '2026-06-03 16:58:04'),
	(3547, '2026-11-20', 158, 'A', '2026-06-03 16:58:04', '2026-06-03 16:58:04'),
	(3548, '2026-11-20', 163, 'A', '2026-06-03 16:58:04', '2026-06-03 16:58:04'),
	(3549, '2026-11-23', 100, 'A', '2026-06-03 16:58:04', '2026-06-03 16:58:04'),
	(3550, '2026-11-23', 106, 'A', '2026-06-03 16:58:04', '2026-06-03 16:58:04'),
	(3551, '2026-11-23', 109, 'A', '2026-06-03 16:58:04', '2026-06-03 16:58:04'),
	(3552, '2026-11-23', 120, 'A', '2026-06-03 16:58:04', '2026-06-03 16:58:04'),
	(3553, '2026-11-23', 154, 'A', '2026-06-03 16:58:04', '2026-06-03 16:58:04'),
	(3554, '2026-11-23', 150, 'A', '2026-06-03 16:58:04', '2026-06-03 16:58:04'),
	(3555, '2026-11-23', 166, 'A', '2026-06-03 16:58:04', '2026-06-03 16:58:04'),
	(3556, '2026-11-24', 101, 'A', '2026-06-03 16:58:04', '2026-06-03 16:58:04'),
	(3557, '2026-11-24', 107, 'A', '2026-06-03 16:58:04', '2026-06-03 16:58:04'),
	(3558, '2026-11-24', 115, 'A', '2026-06-03 16:58:04', '2026-06-03 16:58:04'),
	(3559, '2026-11-24', 141, 'A', '2026-06-03 16:58:04', '2026-06-03 16:58:04'),
	(3560, '2026-11-24', 156, 'A', '2026-06-03 16:58:04', '2026-06-03 16:58:04'),
	(3561, '2026-11-25', 97, 'A', '2026-06-03 16:58:04', '2026-06-03 16:58:04'),
	(3562, '2026-11-25', 118, 'A', '2026-06-03 16:58:04', '2026-06-03 16:58:04'),
	(3563, '2026-11-25', 128, 'A', '2026-06-03 16:58:04', '2026-06-03 16:58:04'),
	(3564, '2026-11-25', 139, 'A', '2026-06-03 16:58:04', '2026-06-03 16:58:04'),
	(3565, '2026-11-25', 151, 'A', '2026-06-03 16:58:04', '2026-06-03 16:58:04'),
	(3566, '2026-11-25', 167, 'A', '2026-06-03 16:58:04', '2026-06-03 16:58:04'),
	(3567, '2026-11-26', 121, 'A', '2026-06-03 16:58:04', '2026-06-03 16:58:04'),
	(3568, '2026-11-26', 117, 'A', '2026-06-03 16:58:04', '2026-06-03 16:58:04'),
	(3569, '2026-11-26', 119, 'A', '2026-06-03 16:58:04', '2026-06-03 16:58:04'),
	(3570, '2026-11-26', 136, 'A', '2026-06-03 16:58:04', '2026-06-03 16:58:04'),
	(3571, '2026-11-26', 157, 'A', '2026-06-03 16:58:04', '2026-06-03 16:58:04'),
	(3572, '2026-11-26', 147, 'A', '2026-06-03 16:58:04', '2026-06-03 16:58:04'),
	(3573, '2026-11-26', 164, 'A', '2026-06-03 16:58:04', '2026-06-03 16:58:04'),
	(3574, '2026-11-27', 102, 'A', '2026-06-03 16:58:04', '2026-06-03 16:58:04'),
	(3575, '2026-11-27', 113, 'A', '2026-06-03 16:58:04', '2026-06-03 16:58:04'),
	(3576, '2026-11-27', 144, 'A', '2026-06-03 16:58:04', '2026-06-03 16:58:04'),
	(3577, '2026-11-27', 159, 'A', '2026-06-03 16:58:04', '2026-06-03 16:58:04'),
	(3578, '2026-11-27', 158, 'A', '2026-06-03 16:58:04', '2026-06-03 16:58:04'),
	(3579, '2026-11-27', 163, 'A', '2026-06-03 16:58:04', '2026-06-03 16:58:04'),
	(3580, '2026-11-30', 100, 'A', '2026-06-03 16:58:04', '2026-06-03 16:58:04'),
	(3581, '2026-11-30', 106, 'A', '2026-06-03 16:58:04', '2026-06-03 16:58:04'),
	(3582, '2026-11-30', 109, 'A', '2026-06-03 16:58:04', '2026-06-03 16:58:04'),
	(3583, '2026-11-30', 120, 'A', '2026-06-03 16:58:04', '2026-06-03 16:58:04'),
	(3584, '2026-11-30', 154, 'A', '2026-06-03 16:58:04', '2026-06-03 16:58:04'),
	(3585, '2026-11-30', 150, 'A', '2026-06-03 16:58:04', '2026-06-03 16:58:04'),
	(3586, '2026-11-30', 166, 'A', '2026-06-03 16:58:04', '2026-06-03 16:58:04'),
	(3587, '2026-12-01', 101, 'A', '2026-06-03 16:58:04', '2026-06-03 16:58:04'),
	(3588, '2026-12-01', 107, 'A', '2026-06-03 16:58:04', '2026-06-03 16:58:04'),
	(3589, '2026-12-01', 115, 'A', '2026-06-03 16:58:04', '2026-06-03 16:58:04'),
	(3590, '2026-12-01', 141, 'A', '2026-06-03 16:58:04', '2026-06-03 16:58:04'),
	(3591, '2026-12-01', 156, 'A', '2026-06-03 16:58:04', '2026-06-03 16:58:04'),
	(3592, '2026-12-02', 97, 'A', '2026-06-03 16:58:04', '2026-06-03 16:58:04'),
	(3593, '2026-12-02', 118, 'A', '2026-06-03 16:58:04', '2026-06-03 16:58:04'),
	(3594, '2026-12-02', 128, 'A', '2026-06-03 16:58:04', '2026-06-03 16:58:04'),
	(3595, '2026-12-02', 139, 'A', '2026-06-03 16:58:04', '2026-06-03 16:58:04'),
	(3596, '2026-12-02', 151, 'A', '2026-06-03 16:58:04', '2026-06-03 16:58:04'),
	(3597, '2026-12-02', 167, 'A', '2026-06-03 16:58:04', '2026-06-03 16:58:04'),
	(3598, '2026-12-03', 121, 'A', '2026-06-03 16:58:04', '2026-06-03 16:58:04'),
	(3599, '2026-12-03', 117, 'A', '2026-06-03 16:58:04', '2026-06-03 16:58:04'),
	(3600, '2026-12-03', 119, 'A', '2026-06-03 16:58:04', '2026-06-03 16:58:04'),
	(3601, '2026-12-03', 136, 'A', '2026-06-03 16:58:04', '2026-06-03 16:58:04'),
	(3602, '2026-12-03', 157, 'A', '2026-06-03 16:58:04', '2026-06-03 16:58:04'),
	(3603, '2026-12-03', 147, 'A', '2026-06-03 16:58:04', '2026-06-03 16:58:04'),
	(3604, '2026-12-03', 164, 'A', '2026-06-03 16:58:04', '2026-06-03 16:58:04'),
	(3605, '2026-12-04', 102, 'A', '2026-06-03 16:58:04', '2026-06-03 16:58:04'),
	(3606, '2026-12-04', 113, 'A', '2026-06-03 16:58:04', '2026-06-03 16:58:04'),
	(3607, '2026-12-04', 144, 'A', '2026-06-03 16:58:04', '2026-06-03 16:58:04'),
	(3608, '2026-12-04', 159, 'A', '2026-06-03 16:58:04', '2026-06-03 16:58:04'),
	(3609, '2026-12-04', 158, 'A', '2026-06-03 16:58:04', '2026-06-03 16:58:04'),
	(3610, '2026-12-04', 163, 'A', '2026-06-03 16:58:04', '2026-06-03 16:58:04'),
	(3611, '2026-12-07', 100, 'A', '2026-06-03 16:58:04', '2026-06-03 16:58:04'),
	(3612, '2026-12-07', 106, 'A', '2026-06-03 16:58:04', '2026-06-03 16:58:04'),
	(3613, '2026-12-07', 109, 'A', '2026-06-03 16:58:04', '2026-06-03 16:58:04'),
	(3614, '2026-12-07', 120, 'A', '2026-06-03 16:58:04', '2026-06-03 16:58:04'),
	(3615, '2026-12-07', 154, 'A', '2026-06-03 16:58:04', '2026-06-03 16:58:04'),
	(3616, '2026-12-07', 150, 'A', '2026-06-03 16:58:04', '2026-06-03 16:58:04'),
	(3617, '2026-12-07', 166, 'A', '2026-06-03 16:58:04', '2026-06-03 16:58:04'),
	(3618, '2026-12-08', 101, 'A', '2026-06-03 16:58:04', '2026-06-03 16:58:04'),
	(3619, '2026-12-08', 107, 'A', '2026-06-03 16:58:04', '2026-06-03 16:58:04'),
	(3620, '2026-12-08', 115, 'A', '2026-06-03 16:58:04', '2026-06-03 16:58:04'),
	(3621, '2026-12-08', 141, 'A', '2026-06-03 16:58:04', '2026-06-03 16:58:04'),
	(3622, '2026-12-08', 156, 'A', '2026-06-03 16:58:04', '2026-06-03 16:58:04'),
	(3623, '2026-12-09', 97, 'A', '2026-06-03 16:58:04', '2026-06-03 16:58:04'),
	(3624, '2026-12-09', 118, 'A', '2026-06-03 16:58:04', '2026-06-03 16:58:04'),
	(3625, '2026-12-09', 128, 'A', '2026-06-03 16:58:04', '2026-06-03 16:58:04'),
	(3626, '2026-12-09', 139, 'A', '2026-06-03 16:58:04', '2026-06-03 16:58:04'),
	(3627, '2026-12-09', 151, 'A', '2026-06-03 16:58:04', '2026-06-03 16:58:04'),
	(3628, '2026-12-09', 167, 'A', '2026-06-03 16:58:04', '2026-06-03 16:58:04'),
	(3629, '2026-12-10', 121, 'A', '2026-06-03 16:58:04', '2026-06-03 16:58:04'),
	(3630, '2026-12-10', 117, 'A', '2026-06-03 16:58:04', '2026-06-03 16:58:04'),
	(3631, '2026-12-10', 119, 'A', '2026-06-03 16:58:04', '2026-06-03 16:58:04'),
	(3632, '2026-12-10', 136, 'A', '2026-06-03 16:58:04', '2026-06-03 16:58:04'),
	(3633, '2026-12-10', 157, 'A', '2026-06-03 16:58:04', '2026-06-03 16:58:04'),
	(3634, '2026-12-10', 147, 'A', '2026-06-03 16:58:04', '2026-06-03 16:58:04'),
	(3635, '2026-12-10', 164, 'A', '2026-06-03 16:58:04', '2026-06-03 16:58:04'),
	(3636, '2026-12-11', 102, 'A', '2026-06-03 16:58:04', '2026-06-03 16:58:04'),
	(3637, '2026-12-11', 113, 'A', '2026-06-03 16:58:04', '2026-06-03 16:58:04'),
	(3638, '2026-12-11', 144, 'A', '2026-06-03 16:58:04', '2026-06-03 16:58:04'),
	(3639, '2026-12-11', 159, 'A', '2026-06-03 16:58:04', '2026-06-03 16:58:04'),
	(3640, '2026-12-11', 158, 'A', '2026-06-03 16:58:04', '2026-06-03 16:58:04'),
	(3641, '2026-12-11', 163, 'A', '2026-06-03 16:58:04', '2026-06-03 16:58:04'),
	(3642, '2026-12-14', 100, 'A', '2026-06-03 16:58:04', '2026-06-03 16:58:04'),
	(3643, '2026-12-14', 106, 'A', '2026-06-03 16:58:04', '2026-06-03 16:58:04'),
	(3644, '2026-12-14', 109, 'A', '2026-06-03 16:58:04', '2026-06-03 16:58:04'),
	(3645, '2026-12-14', 120, 'A', '2026-06-03 16:58:04', '2026-06-03 16:58:04'),
	(3646, '2026-12-14', 154, 'A', '2026-06-03 16:58:04', '2026-06-03 16:58:04'),
	(3647, '2026-12-14', 150, 'A', '2026-06-03 16:58:04', '2026-06-03 16:58:04'),
	(3648, '2026-12-14', 166, 'A', '2026-06-03 16:58:04', '2026-06-03 16:58:04'),
	(3649, '2026-12-15', 101, 'A', '2026-06-03 16:58:04', '2026-06-03 16:58:04'),
	(3650, '2026-12-15', 107, 'A', '2026-06-03 16:58:04', '2026-06-03 16:58:04'),
	(3651, '2026-12-15', 115, 'A', '2026-06-03 16:58:04', '2026-06-03 16:58:04'),
	(3652, '2026-12-15', 141, 'A', '2026-06-03 16:58:04', '2026-06-03 16:58:04'),
	(3653, '2026-12-15', 156, 'A', '2026-06-03 16:58:04', '2026-06-03 16:58:04'),
	(3654, '2026-12-16', 97, 'A', '2026-06-03 16:58:04', '2026-06-03 16:58:04'),
	(3655, '2026-12-16', 118, 'A', '2026-06-03 16:58:04', '2026-06-03 16:58:04'),
	(3656, '2026-12-16', 128, 'A', '2026-06-03 16:58:04', '2026-06-03 16:58:04'),
	(3657, '2026-12-16', 139, 'A', '2026-06-03 16:58:04', '2026-06-03 16:58:04'),
	(3658, '2026-12-16', 151, 'A', '2026-06-03 16:58:04', '2026-06-03 16:58:04'),
	(3659, '2026-12-16', 167, 'A', '2026-06-03 16:58:04', '2026-06-03 16:58:04'),
	(3660, '2026-12-17', 121, 'A', '2026-06-03 16:58:04', '2026-06-03 16:58:04'),
	(3661, '2026-12-17', 117, 'A', '2026-06-03 16:58:04', '2026-06-03 16:58:04'),
	(3662, '2026-12-17', 119, 'A', '2026-06-03 16:58:04', '2026-06-03 16:58:04'),
	(3663, '2026-12-17', 136, 'A', '2026-06-03 16:58:04', '2026-06-03 16:58:04'),
	(3664, '2026-12-17', 157, 'A', '2026-06-03 16:58:04', '2026-06-03 16:58:04'),
	(3665, '2026-12-17', 147, 'A', '2026-06-03 16:58:04', '2026-06-03 16:58:04'),
	(3666, '2026-12-17', 164, 'A', '2026-06-03 16:58:04', '2026-06-03 16:58:04'),
	(3667, '2026-12-18', 102, 'A', '2026-06-03 16:58:04', '2026-06-03 16:58:04'),
	(3668, '2026-12-18', 113, 'A', '2026-06-03 16:58:04', '2026-06-03 16:58:04'),
	(3669, '2026-12-18', 144, 'A', '2026-06-03 16:58:04', '2026-06-03 16:58:04'),
	(3670, '2026-12-18', 159, 'A', '2026-06-03 16:58:04', '2026-06-03 16:58:04'),
	(3671, '2026-12-18', 158, 'A', '2026-06-03 16:58:04', '2026-06-03 16:58:04'),
	(3672, '2026-12-18', 163, 'A', '2026-06-03 16:58:04', '2026-06-03 16:58:04'),
	(3673, '2026-12-21', 100, 'A', '2026-06-03 16:58:04', '2026-06-03 16:58:04'),
	(3674, '2026-12-21', 106, 'A', '2026-06-03 16:58:04', '2026-06-03 16:58:04'),
	(3675, '2026-12-21', 109, 'A', '2026-06-03 16:58:04', '2026-06-03 16:58:04'),
	(3676, '2026-12-21', 120, 'A', '2026-06-03 16:58:04', '2026-06-03 16:58:04'),
	(3677, '2026-12-21', 154, 'A', '2026-06-03 16:58:04', '2026-06-03 16:58:04'),
	(3678, '2026-12-21', 150, 'A', '2026-06-03 16:58:04', '2026-06-03 16:58:04'),
	(3679, '2026-12-21', 166, 'A', '2026-06-03 16:58:04', '2026-06-03 16:58:04'),
	(3680, '2026-12-22', 101, 'A', '2026-06-03 16:58:04', '2026-06-03 16:58:04'),
	(3681, '2026-12-22', 107, 'A', '2026-06-03 16:58:04', '2026-06-03 16:58:04'),
	(3682, '2026-12-22', 115, 'A', '2026-06-03 16:58:04', '2026-06-03 16:58:04'),
	(3683, '2026-12-22', 141, 'A', '2026-06-03 16:58:04', '2026-06-03 16:58:04'),
	(3684, '2026-12-22', 156, 'A', '2026-06-03 16:58:04', '2026-06-03 16:58:04'),
	(3685, '2026-12-23', 97, 'A', '2026-06-03 16:58:04', '2026-06-03 16:58:04'),
	(3686, '2026-12-23', 118, 'A', '2026-06-03 16:58:04', '2026-06-03 16:58:04'),
	(3687, '2026-12-23', 128, 'A', '2026-06-03 16:58:04', '2026-06-03 16:58:04'),
	(3688, '2026-12-23', 139, 'A', '2026-06-03 16:58:04', '2026-06-03 16:58:04'),
	(3689, '2026-12-23', 151, 'A', '2026-06-03 16:58:04', '2026-06-03 16:58:04'),
	(3690, '2026-12-23', 167, 'A', '2026-06-03 16:58:04', '2026-06-03 16:58:04'),
	(3691, '2026-12-24', 121, 'A', '2026-06-03 16:58:04', '2026-06-03 16:58:04'),
	(3692, '2026-12-24', 117, 'A', '2026-06-03 16:58:04', '2026-06-03 16:58:04'),
	(3693, '2026-12-24', 119, 'A', '2026-06-03 16:58:04', '2026-06-03 16:58:04'),
	(3694, '2026-12-24', 136, 'A', '2026-06-03 16:58:04', '2026-06-03 16:58:04'),
	(3695, '2026-12-24', 157, 'A', '2026-06-03 16:58:04', '2026-06-03 16:58:04'),
	(3696, '2026-12-24', 147, 'A', '2026-06-03 16:58:04', '2026-06-03 16:58:04'),
	(3697, '2026-12-24', 164, 'A', '2026-06-03 16:58:04', '2026-06-03 16:58:04'),
	(3698, '2026-12-28', 100, 'A', '2026-06-03 16:58:04', '2026-06-03 16:58:04'),
	(3699, '2026-12-28', 106, 'A', '2026-06-03 16:58:04', '2026-06-03 16:58:04'),
	(3700, '2026-12-28', 109, 'A', '2026-06-03 16:58:04', '2026-06-03 16:58:04'),
	(3701, '2026-12-28', 120, 'A', '2026-06-03 16:58:04', '2026-06-03 16:58:04'),
	(3702, '2026-12-28', 154, 'A', '2026-06-03 16:58:04', '2026-06-03 16:58:04'),
	(3703, '2026-12-28', 150, 'A', '2026-06-03 16:58:04', '2026-06-03 16:58:04'),
	(3704, '2026-12-28', 166, 'A', '2026-06-03 16:58:04', '2026-06-03 16:58:04'),
	(3705, '2026-12-29', 101, 'A', '2026-06-03 16:58:04', '2026-06-03 16:58:04'),
	(3706, '2026-12-29', 107, 'A', '2026-06-03 16:58:04', '2026-06-03 16:58:04'),
	(3707, '2026-12-29', 115, 'A', '2026-06-03 16:58:04', '2026-06-03 16:58:04'),
	(3708, '2026-12-29', 141, 'A', '2026-06-03 16:58:04', '2026-06-03 16:58:04'),
	(3709, '2026-12-29', 156, 'A', '2026-06-03 16:58:04', '2026-06-03 16:58:04'),
	(3710, '2026-12-30', 97, 'A', '2026-06-03 16:58:04', '2026-06-03 16:58:04'),
	(3711, '2026-12-30', 118, 'A', '2026-06-03 16:58:04', '2026-06-03 16:58:04'),
	(3712, '2026-12-30', 128, 'A', '2026-06-03 16:58:04', '2026-06-03 16:58:04'),
	(3713, '2026-12-30', 139, 'A', '2026-06-03 16:58:04', '2026-06-03 16:58:04'),
	(3714, '2026-12-30', 151, 'A', '2026-06-03 16:58:04', '2026-06-03 16:58:04'),
	(3715, '2026-12-30', 167, 'A', '2026-06-03 16:58:04', '2026-06-03 16:58:04'),
	(3716, '2026-12-31', 121, 'A', '2026-06-03 16:58:04', '2026-06-03 16:58:04'),
	(3717, '2026-12-31', 117, 'A', '2026-06-03 16:58:04', '2026-06-03 16:58:04'),
	(3718, '2026-12-31', 119, 'A', '2026-06-03 16:58:04', '2026-06-03 16:58:04'),
	(3719, '2026-12-31', 136, 'A', '2026-06-03 16:58:04', '2026-06-03 16:58:04'),
	(3720, '2026-12-31', 157, 'A', '2026-06-03 16:58:04', '2026-06-03 16:58:04'),
	(3721, '2026-12-31', 147, 'A', '2026-06-03 16:58:04', '2026-06-03 16:58:04'),
	(3722, '2026-12-31', 164, 'A', '2026-06-03 16:58:04', '2026-06-03 16:58:04');

-- Dumping structure for table teamclov_demo_8.kelas
CREATE TABLE IF NOT EXISTS `kelas` (
  `id` bigint(20) unsigned NOT NULL AUTO_INCREMENT,
  `nama_kelas` varchar(15) NOT NULL,
  `id_guru` bigint(20) unsigned DEFAULT NULL,
  `created_at` timestamp NULL DEFAULT NULL,
  `updated_at` timestamp NULL DEFAULT NULL,
  PRIMARY KEY (`id`),
  UNIQUE KEY `kelas_nama_kelas_unique` (`nama_kelas`),
  KEY `kelas_id_guru_foreign` (`id_guru`),
  CONSTRAINT `kelas_id_guru_foreign` FOREIGN KEY (`id_guru`) REFERENCES `guru` (`id`) ON DELETE SET NULL
) ENGINE=InnoDB AUTO_INCREMENT=22 DEFAULT CHARSET=utf8mb4 COLLATE=utf8mb4_unicode_ci;

-- Dumping data for table teamclov_demo_8.kelas: ~11 rows (approximately)
DELETE FROM `kelas`;
INSERT INTO `kelas` (`id`, `nama_kelas`, `id_guru`, `created_at`, `updated_at`) VALUES
	(11, 'VII.1', 131, '2026-06-24 00:40:08', '2026-06-24 00:40:08'),
	(12, 'VII.2', 138, '2026-06-24 00:40:16', '2026-06-24 00:40:16'),
	(13, 'VII.3', 135, '2026-06-24 00:44:33', '2026-06-24 00:44:33'),
	(14, 'VII.4', 165, '2026-06-24 00:44:44', '2026-06-24 00:44:44'),
	(15, 'VII.5', 142, '2026-06-24 00:45:01', '2026-06-24 00:45:01'),
	(16, 'VII.6', 148, '2026-06-24 00:45:23', '2026-06-24 00:45:23'),
	(17, 'VII.7', 155, '2026-06-24 00:45:35', '2026-06-24 00:45:35'),
	(18, 'VII.8', 161, '2026-06-24 00:45:47', '2026-06-24 00:45:47'),
	(19, 'VII.9', 110, '2026-06-24 00:45:56', '2026-06-24 00:45:56'),
	(20, 'VII.10', 162, '2026-06-24 00:46:04', '2026-06-24 00:46:04'),
	(21, 'VII.11', 99, '2026-06-24 00:46:19', '2026-06-24 00:46:19');

-- Dumping structure for table teamclov_demo_8.mapel
CREATE TABLE IF NOT EXISTS `mapel` (
  `id` bigint(20) unsigned NOT NULL AUTO_INCREMENT,
  `nama_mapel` varchar(30) NOT NULL,
  `created_at` timestamp NULL DEFAULT NULL,
  `updated_at` timestamp NULL DEFAULT NULL,
  PRIMARY KEY (`id`)
) ENGINE=InnoDB AUTO_INCREMENT=18 DEFAULT CHARSET=utf8mb4 COLLATE=utf8mb4_unicode_ci;

-- Dumping data for table teamclov_demo_8.mapel: ~14 rows (approximately)
DELETE FROM `mapel`;
INSERT INTO `mapel` (`id`, `nama_mapel`, `created_at`, `updated_at`) VALUES
	(4, 'AL-QUR\'AN HADIST', '2026-05-16 05:05:39', '2026-05-16 05:05:39'),
	(5, 'AKIDAH AKHLAK', '2026-05-16 05:05:45', '2026-05-16 05:05:45'),
	(6, 'FIQIH', '2026-05-16 05:05:50', '2026-05-16 05:05:50'),
	(7, 'SKI', '2026-05-16 05:05:58', '2026-05-16 05:05:58'),
	(8, 'BAHASA INDONESIA', '2026-05-16 05:06:04', '2026-05-16 05:06:04'),
	(9, 'BAHASA INGGRIS', '2026-05-16 05:06:10', '2026-05-16 05:06:10'),
	(10, 'BAHASA ARAB', '2026-05-16 05:06:15', '2026-05-16 05:06:15'),
	(11, 'MATEMATIKA', '2026-05-16 05:06:20', '2026-05-16 05:06:20'),
	(12, 'IPA', '2026-05-16 05:06:28', '2026-05-16 05:06:28'),
	(13, 'IPS', '2026-05-16 05:06:32', '2026-05-16 05:06:32'),
	(14, 'SENI BUDAYA', '2026-05-16 05:06:38', '2026-05-16 05:06:38'),
	(15, 'INFORMATIKA', '2026-05-16 05:06:43', '2026-05-16 05:06:43'),
	(16, 'PKN', '2026-05-16 05:07:29', '2026-05-16 05:07:29'),
	(17, 'PENJASORKES', '2026-05-16 05:07:37', '2026-05-16 05:07:37');

-- Dumping structure for table teamclov_demo_8.migrations
CREATE TABLE IF NOT EXISTS `migrations` (
  `id` int(10) unsigned NOT NULL AUTO_INCREMENT,
  `migration` varchar(255) NOT NULL,
  `batch` int(11) NOT NULL,
  PRIMARY KEY (`id`)
) ENGINE=InnoDB AUTO_INCREMENT=4 DEFAULT CHARSET=utf8mb4 COLLATE=utf8mb4_unicode_ci;

-- Dumping data for table teamclov_demo_8.migrations: ~2 rows (approximately)
DELETE FROM `migrations`;
INSERT INTO `migrations` (`id`, `migration`, `batch`) VALUES
	(2, '2026_03_25_075804_create_pikets_table', 1),
	(3, '2026_04_08_123814_jadwal_piket', 2);

-- Dumping structure for table teamclov_demo_8.pelanggaran
CREATE TABLE IF NOT EXISTS `pelanggaran` (
  `id` bigint(20) unsigned NOT NULL AUTO_INCREMENT,
  `created_at` timestamp NULL DEFAULT NULL,
  `updated_at` timestamp NULL DEFAULT NULL,
  `id_siswa` bigint(20) unsigned NOT NULL,
  `jenis_pelanggaran` varchar(100) NOT NULL,
  `tanggal_pelanggaran` date NOT NULL,
  `poin` int(11) NOT NULL,
  `tindakan_sanksi` varchar(150) NOT NULL DEFAULT '',
  `keterangan` text NOT NULL,
  PRIMARY KEY (`id`),
  KEY `pelanggaran_id_siswa_foreign` (`id_siswa`),
  CONSTRAINT `pelanggaran_id_siswa_foreign` FOREIGN KEY (`id_siswa`) REFERENCES `siswa` (`id`) ON DELETE CASCADE
) ENGINE=InnoDB AUTO_INCREMENT=6 DEFAULT CHARSET=utf8mb4 COLLATE=utf8mb4_unicode_ci;

-- Dumping data for table teamclov_demo_8.pelanggaran: ~1 rows (approximately)
DELETE FROM `pelanggaran`;
INSERT INTO `pelanggaran` (`id`, `created_at`, `updated_at`, `id_siswa`, `jenis_pelanggaran`, `tanggal_pelanggaran`, `poin`, `tindakan_sanksi`, `keterangan`) VALUES
	(5, '2026-06-24 01:07:31', '2026-06-24 01:07:31', 8, 'RINGAN', '2026-05-04', 1, 'Nasehat', 'Tidak memakai atribut lengkap');

-- Dumping structure for table teamclov_demo_8.piket
CREATE TABLE IF NOT EXISTS `piket` (
  `id` bigint(20) unsigned NOT NULL AUTO_INCREMENT,
  `tanggal` int(11) NOT NULL,
  `bulan` int(11) NOT NULL,
  `tahun` int(11) NOT NULL,
  `created_at` timestamp NULL DEFAULT NULL,
  `updated_at` timestamp NULL DEFAULT NULL,
  PRIMARY KEY (`id`)
) ENGINE=InnoDB DEFAULT CHARSET=utf8mb4 COLLATE=utf8mb4_unicode_ci;

-- Dumping data for table teamclov_demo_8.piket: ~0 rows (approximately)
DELETE FROM `piket`;

-- Dumping structure for table teamclov_demo_8.piket_tahunan
CREATE TABLE IF NOT EXISTS `piket_tahunan` (
  `id` bigint(20) unsigned NOT NULL AUTO_INCREMENT,
  `hari` int(11) NOT NULL,
  `id_guru` int(11) NOT NULL,
  `created_at` timestamp NULL DEFAULT NULL,
  `updated_at` timestamp NULL DEFAULT NULL,
  PRIMARY KEY (`id`)
) ENGINE=InnoDB AUTO_INCREMENT=77 DEFAULT CHARSET=utf8mb4 COLLATE=utf8mb4_unicode_ci;

-- Dumping data for table teamclov_demo_8.piket_tahunan: ~29 rows (approximately)
DELETE FROM `piket_tahunan`;
INSERT INTO `piket_tahunan` (`id`, `hari`, `id_guru`, `created_at`, `updated_at`) VALUES
	(46, 1, 100, '2026-06-03 16:50:37', '2026-06-03 16:50:37'),
	(47, 1, 106, '2026-06-03 16:50:49', '2026-06-03 16:50:49'),
	(48, 1, 109, '2026-06-03 16:51:00', '2026-06-03 16:51:00'),
	(49, 1, 120, '2026-06-03 16:51:11', '2026-06-03 16:51:11'),
	(50, 1, 154, '2026-06-03 16:51:26', '2026-06-03 16:51:26'),
	(51, 1, 150, '2026-06-03 16:51:37', '2026-06-03 16:51:37'),
	(52, 1, 166, '2026-06-03 16:51:47', '2026-06-03 16:51:47'),
	(53, 2, 101, '2026-06-03 16:51:57', '2026-06-03 16:51:57'),
	(54, 2, 107, '2026-06-03 16:52:08', '2026-06-03 16:52:08'),
	(55, 2, 115, '2026-06-03 16:52:23', '2026-06-03 16:52:23'),
	(56, 2, 141, '2026-06-03 16:52:40', '2026-06-03 16:52:40'),
	(57, 2, 156, '2026-06-03 16:52:56', '2026-06-03 16:52:56'),
	(58, 3, 97, '2026-06-03 16:53:30', '2026-06-03 16:53:30'),
	(59, 3, 118, '2026-06-03 16:53:43', '2026-06-03 16:53:43'),
	(60, 3, 128, '2026-06-03 16:53:59', '2026-06-03 16:53:59'),
	(61, 3, 139, '2026-06-03 16:54:16', '2026-06-03 16:54:16'),
	(62, 3, 151, '2026-06-03 16:54:33', '2026-06-03 16:54:33'),
	(63, 3, 167, '2026-06-03 16:54:44', '2026-06-03 16:54:44'),
	(64, 4, 121, '2026-06-03 16:54:57', '2026-06-03 16:54:57'),
	(65, 4, 117, '2026-06-03 16:55:08', '2026-06-03 16:55:08'),
	(66, 4, 119, '2026-06-03 16:55:21', '2026-06-03 16:55:21'),
	(67, 4, 136, '2026-06-03 16:55:33', '2026-06-03 16:55:33'),
	(68, 4, 157, '2026-06-03 16:55:48', '2026-06-03 16:55:48'),
	(69, 4, 147, '2026-06-03 16:56:05', '2026-06-03 16:56:05'),
	(70, 4, 164, '2026-06-03 16:56:18', '2026-06-03 16:56:18'),
	(71, 5, 102, '2026-06-03 16:56:30', '2026-06-03 16:56:30'),
	(72, 5, 113, '2026-06-03 16:56:44', '2026-06-03 16:56:44'),
	(73, 5, 144, '2026-06-03 16:56:55', '2026-06-03 16:56:55'),
	(74, 5, 159, '2026-06-03 16:57:24', '2026-06-03 16:57:24'),
	(75, 5, 158, '2026-06-03 16:57:40', '2026-06-03 16:57:40'),
	(76, 5, 163, '2026-06-03 16:57:52', '2026-06-03 16:57:52');

-- Dumping structure for table teamclov_demo_8.rekap_piket
CREATE TABLE IF NOT EXISTS `rekap_piket` (
  `id` bigint(20) unsigned NOT NULL AUTO_INCREMENT,
  `tanggal` date NOT NULL,
  `kelas_id` bigint(20) unsigned DEFAULT NULL,
  `mapel_id` bigint(20) unsigned DEFAULT NULL,
  `jenis` enum('guru','siswa') NOT NULL,
  `piket_type` varchar(255) NOT NULL,
  `piket_id` bigint(20) unsigned NOT NULL,
  `terlambat` int(10) unsigned NOT NULL DEFAULT 0,
  `status` enum('S','I','A') NOT NULL,
  `keterangan` text DEFAULT NULL,
  `lampiran` varchar(255) DEFAULT NULL,
  `created_at` timestamp NULL DEFAULT NULL,
  `updated_at` timestamp NULL DEFAULT NULL,
  PRIMARY KEY (`id`),
  KEY `rekap_piket_kelas_id_foreign` (`kelas_id`),
  KEY `rekap_piket_mapel_id_foreign` (`mapel_id`),
  KEY `rekap_piket_piket_type_piket_id_index` (`piket_type`,`piket_id`),
  CONSTRAINT `rekap_piket_kelas_id_foreign` FOREIGN KEY (`kelas_id`) REFERENCES `kelas` (`id`),
  CONSTRAINT `rekap_piket_mapel_id_foreign` FOREIGN KEY (`mapel_id`) REFERENCES `mapel` (`id`)
) ENGINE=InnoDB AUTO_INCREMENT=4 DEFAULT CHARSET=utf8mb4 COLLATE=utf8mb4_unicode_ci;

-- Dumping data for table teamclov_demo_8.rekap_piket: ~2 rows (approximately)
DELETE FROM `rekap_piket`;
INSERT INTO `rekap_piket` (`id`, `tanggal`, `kelas_id`, `mapel_id`, `jenis`, `piket_type`, `piket_id`, `terlambat`, `status`, `keterangan`, `lampiran`, `created_at`, `updated_at`) VALUES
	(1, '2026-06-24', NULL, NULL, 'guru', 'App\\Models\\SiswaModel', 8, 0, 'S', NULL, NULL, '2026-06-24 15:16:55', '2026-06-24 15:16:55'),
	(2, '2026-06-24', NULL, NULL, 'guru', 'App\\Models\\SiswaModel', 8, 0, 'I', 'Izin', NULL, '2026-06-24 15:17:43', '2026-06-24 15:17:43'),
	(3, '2026-06-25', NULL, NULL, 'guru', 'App\\Models\\SiswaModel', 8, 0, 'S', 'sakit', NULL, '2026-06-25 12:49:53', '2026-06-25 12:49:53');

-- Dumping structure for table teamclov_demo_8.siswa
CREATE TABLE IF NOT EXISTS `siswa` (
  `id` bigint(20) unsigned NOT NULL AUTO_INCREMENT,
  `nama_siswa` varchar(100) NOT NULL,
  `nisn` varchar(15) NOT NULL,
  `jenis_kelamin` enum('L','P') NOT NULL DEFAULT 'L',
  `id_kelas` int(11) NOT NULL,
  `created_at` timestamp NULL DEFAULT NULL,
  `updated_at` timestamp NULL DEFAULT NULL,
  PRIMARY KEY (`id`),
  UNIQUE KEY `siswa_nisn_unique` (`nisn`)
) ENGINE=InnoDB AUTO_INCREMENT=9 DEFAULT CHARSET=utf8mb4 COLLATE=utf8mb4_unicode_ci;

-- Dumping data for table teamclov_demo_8.siswa: ~3 rows (approximately)
DELETE FROM `siswa`;
INSERT INTO `siswa` (`id`, `nama_siswa`, `nisn`, `jenis_kelamin`, `id_kelas`, `created_at`, `updated_at`) VALUES
	(6, 'ALESHA ZAHRA', '0123929832', 'P', 11, '2026-06-24 01:04:27', '2026-06-24 01:04:27'),
	(7, 'BARIQ AQIDA ZEHAN', '3121946384', 'L', 11, '2026-06-24 01:05:56', '2026-06-24 01:05:56'),
	(8, 'MUHAMAD CHAIRIL TRAVIS LUBIS', '3133649855', 'L', 20, '2026-06-24 01:06:23', '2026-06-24 01:06:23');

-- Dumping structure for table teamclov_demo_8.users
CREATE TABLE IF NOT EXISTS `users` (
  `id` bigint(20) unsigned NOT NULL AUTO_INCREMENT,
  `name` varchar(100) NOT NULL,
  `email` varchar(100) NOT NULL,
  `email_verified_at` timestamp NULL DEFAULT NULL,
  `password` varchar(255) NOT NULL,
  `role` varchar(100) NOT NULL,
  `remember_token` varchar(100) DEFAULT NULL,
  `created_at` timestamp NULL DEFAULT NULL,
  `updated_at` timestamp NULL DEFAULT NULL,
  PRIMARY KEY (`id`),
  UNIQUE KEY `users_email_unique` (`email`)
) ENGINE=InnoDB AUTO_INCREMENT=172 DEFAULT CHARSET=utf8mb4 COLLATE=utf8mb4_unicode_ci;

-- Dumping data for table teamclov_demo_8.users: ~85 rows (approximately)
DELETE FROM `users`;
INSERT INTO `users` (`id`, `name`, `email`, `email_verified_at`, `password`, `role`, `remember_token`, `created_at`, `updated_at`) VALUES
	(1, 'Admin', 'admin@gmail.com', NULL, '$2y$12$2MVLtdWaWVusG1KKOxuUdOG5peACsErLFisoLPus9AIXGG6Ga/1Di', '["admin"]', NULL, '2026-01-28 09:09:47', '2026-01-28 09:09:47'),
	(2, 'Guru', 'guru@gmail.com', NULL, '$2y$12$tfVQRVeJKEXuIzO7RlkLxObF5jLjFMvgHaqGIGLlwkkw3noRCryJq', '["guru_mapel"]', NULL, '2026-01-28 09:09:47', '2026-01-28 09:09:47'),
	(4, 'DINY MAULINA', 'viradiana40@gmail.com', NULL, '$2y$12$bEBmHh2K3Vg9w2OYuM8akeOP8Ihtx8BDq3C7kvpAqly8XKEx1Dz8O', '["guru_mapel"]', NULL, '2026-04-06 00:52:00', '2026-04-06 00:52:00'),
	(89, 'NOPRIZAL, M. Pd', 'guru69def6316ae3d@gmail.com', NULL, '$2y$12$f09dY58R3GThZ0.OmjqWw.q1Ju2GOcc/1ajJfECLhteLLvdbd9hDi', '["admin","wali_kelas","guru_piket","guru_mapel","guru_bk"]', NULL, '2026-04-14 19:21:37', '2026-06-25 13:58:22'),
	(90, 'FITRA DONI GEMINTARYA, S.A.P', 'guru69def631a65f3@gmail.com', NULL, '$2y$12$5BqNIbQNlDlwY09E3EKjze2bnK9ryDKnID.fbeEbYfrq/MZYsxPyW', '["guru_mapel"]', NULL, '2026-04-14 19:21:37', '2026-04-14 19:21:37'),
	(91, 'RIZA PUSPITA SARI, S. Pd', 'guru69def631e384b@gmail.com', NULL, '$2y$12$uy7G.RW07aRL4EhlRLLhS.77vgIPCDmKhX9F5b9AYcfkZUIsV3.M2', '["guru_mapel"]', NULL, '2026-04-14 19:21:38', '2026-04-14 19:21:38'),
	(92, 'ABRIS TRI PUTRA, S.Si', 'guru69def6322916b@gmail.com', NULL, '$2y$12$FkHUp4E7TsrnTHnjS/uRY.KxAfNWrK9eMmZJsdSRs.rsOLyAjSAv6', '["guru_mapel"]', NULL, '2026-04-14 19:21:38', '2026-04-14 19:21:38'),
	(93, 'ADRISMAN, S. Pd.I', 'guru69def63261a9e@gmail.com', NULL, '$2y$12$4pjHU2q0jS/SXaWE6Q6lwegrf3p1n6FFBLJTl6aeD0vNXDC5fctmq', '["guru_mapel"]', NULL, '2026-04-14 19:21:38', '2026-04-14 19:21:38'),
	(94, 'RAHMATULLAH, S. Pd, M.Pd', 'guru69def632995d2@gmail.com', NULL, '$2y$12$nwiS7tHD8WktDcOZ5Ih4CecoxRjxqsbKjxqTvX.PZH6SNVE.9uVvW', '["guru_mapel"]', NULL, '2026-04-14 19:21:38', '2026-04-14 19:21:38'),
	(95, 'FIFIAN RUBIANTI N, S.Ag', 'guru69def632d0717@gmail.com', NULL, '$2y$12$vH6DegKlH2wzFMTq7gIvUeayFjNzUeClX4QifMqZ2L5muprTTnhmS', '["guru_mapel"]', NULL, '2026-04-14 19:21:39', '2026-04-14 19:21:39'),
	(96, 'HERLINA,S.Pd', 'guru69def633150a3@gmail.com', NULL, '$2y$12$Fu/zXF7guN4CnoubO/zzpOMdkE0v6J9AnuXCr2S0KQfIXVh7ppaYO', '["guru_mapel"]', NULL, '2026-04-14 19:21:39', '2026-04-14 19:21:39'),
	(97, 'YUSMAINI, S.Pd', 'guru69def6334fb10@gmail.com', NULL, '$2y$12$zXIODduyrT.7cqUKm25xGespO1oVR6Q4Wfw00PJ6wTPlBkpCJECge', '["guru_mapel"]', NULL, '2026-04-14 19:21:39', '2026-04-14 19:21:39'),
	(98, 'Dra. HENDRAYENTI', 'guru69def6338a173@gmail.com', NULL, '$2y$12$c3LELqWP78bG7lpfoegBo.ZZ45ULsPdbcAPzYcZZ2keq0kDb1sTVy', '["guru_mapel"]', NULL, '2026-04-14 19:21:39', '2026-04-14 19:21:39'),
	(99, 'HARNEWI B, S.Pd', 'guru69def633c20ec@gmail.com', NULL, '$2y$12$WowStYDRlBGG7XKB.Ti5zuIauXSvkJFBW1b70fU7Pbc5M8eXmohKW', '["guru_mapel"]', NULL, '2026-04-14 19:21:40', '2026-04-14 19:21:40'),
	(100, 'GUSMALINDA, S. Pd. BIO', 'guru69def634070ee@gmail.com', NULL, '$2y$12$JyvEXxX0jSsgj.9H9HF/Q.ziH4YTtmB8LKRO6PNwNMTAq.xiGloH6', '["guru_mapel"]', NULL, '2026-04-14 19:21:40', '2026-04-14 19:21:40'),
	(101, 'TUTI HARYATI, S. Pd', 'guru69def63440357@gmail.com', NULL, '$2y$12$Dh0dbxQ1ZsinJ0pav1o2LOdFxzG9IunjWszSOcVzP8A70Ej.nllvO', '["wali_kelas","guru_mapel"]', NULL, '2026-04-14 19:21:40', '2026-06-25 13:59:25'),
	(102, 'NURHAPIZAH, S. Pd', 'guru69def63477639@gmail.com', NULL, '$2y$12$Bx1qit1ewyILp2cbATdUveVXg6PgBX..8zPClwo7xs5mJOO2SN3.C', '["guru_mapel"]', NULL, '2026-04-14 19:21:40', '2026-04-14 19:21:40'),
	(103, 'GEMA WIYARTI, M.Pd', 'guru69def634ad217@gmail.com', NULL, '$2y$12$9OWxPkDi9cF6cA6j6NS0B.4yv0E90To/WiTv1yfRlD2AhczOvT6aS', '["guru_mapel"]', NULL, '2026-04-14 19:21:40', '2026-04-14 19:21:40'),
	(104, 'MARNIETY, S. Pd', 'guru69def634e2c88@gmail.com', NULL, '$2y$12$I8XKzhG.YwXMicKU0SP.c.JnYLZHatcdeSzpqjZY7KAkc9TXSuiJu', '["guru_mapel"]', NULL, '2026-04-14 19:21:41', '2026-04-14 19:21:41'),
	(105, 'DESNIATI, M.Pd', 'guru69def63524615@gmail.com', NULL, '$2y$12$9nuUCnKDbP.25zpnw/XLQewfSiJ7kRhwqwGDiLWq.VbK2Jcornr8y', '["guru_mapel"]', NULL, '2026-04-14 19:21:41', '2026-04-14 19:21:41'),
	(106, 'FITRI YENTI, S.Pd', 'guru69def6355c4f1@gmail.com', NULL, '$2y$12$BOcr2PYTY/DmlTB5qdoeiO.4h9.mQfMPnTNNHJgikRVaazn5LxL1G', '["guru_mapel"]', NULL, '2026-04-14 19:21:41', '2026-04-14 19:21:41'),
	(107, 'SITI AIDA, S. Pd', 'guru69def635956fe@gmail.com', NULL, '$2y$12$iE.kBG4f0CB5Vi/Z3.xUAuf9FjANzwTCsWciZ8247e4TEJO6.u.fu', '["guru_mapel"]', NULL, '2026-04-14 19:21:41', '2026-04-14 19:21:41'),
	(108, 'EVINIARTI, S. Ag', 'guru69def635d1518@gmail.com', NULL, '$2y$12$V.Utad5VagJo7PvWeoQteevijGklcB7JK7TffP2wQ.PQwtCcJi1xy', '["guru_mapel"]', NULL, '2026-04-14 19:21:42', '2026-04-14 19:21:42'),
	(109, 'ZONDRA, S. Pd', 'guru69def63618751@gmail.com', NULL, '$2y$12$l3RL42mC0PTqI1BPvGPCDOVHKHkJx0tnuPFAf37F4vbAKurNysgTq', '["guru_mapel"]', NULL, '2026-04-14 19:21:42', '2026-04-14 19:21:42'),
	(110, 'AFRINALITA, S. Pd', 'guru69def63650a68@gmail.com', NULL, '$2y$12$CqaICoNGIZCj3lw0QY0sy.b/K/gknuTBMU4xZG6NL.2ur/i0p/SZG', '["guru_mapel"]', NULL, '2026-04-14 19:21:42', '2026-04-14 19:21:42'),
	(111, 'SRI MULYANI , S.Pd', 'guru69def63688e3f@gmail.com', NULL, '$2y$12$zjAoKGTwQFiupJzt7K6ATOp68p9TsAKZqJ29jbkP6YB65gbo5s6fa', '["guru_mapel"]', NULL, '2026-04-14 19:21:42', '2026-04-14 19:21:42'),
	(112, 'HARTATI, S. Pd', 'guru69def636bfe84@gmail.com', NULL, '$2y$12$qiZjM5yZw6nnbaLMHxsU7eLUgLzsE9jaJPQOwjryP51RwOGIKTbdO', '["wali_kelas","guru_mapel"]', NULL, '2026-04-14 19:21:43', '2026-06-25 13:58:51'),
	(113, 'FIDDIA WATY, S. Pd', 'guru69def637035fc@gmail.com', NULL, '$2y$12$2Wb98h5WR0oUpYu8Og7V9O8Lidlp/FMCUzG9iDL/xetXjLVKkJdyK', '["guru_mapel"]', NULL, '2026-04-14 19:21:43', '2026-04-14 19:21:43'),
	(114, 'FEBRESTI, S. Pd', 'guru69def6373d537@gmail.com', NULL, '$2y$12$KpQ6A.B6f3QKEblA/xOXheTkxvJEoEd0Q3Sngb5HSx.CjA4XC0..e', '["guru_mapel"]', NULL, '2026-04-14 19:21:43', '2026-04-14 19:21:43'),
	(115, 'USWATUN HASANAH, S.Pd.I M. Pd', 'guru69def63776417@gmail.com', NULL, '$2y$12$FWoPY8Rt/8j3rt9nU7yCHeooK6GEZbQVRJrCh4SrbzFyhCCeumniW', '["guru_mapel"]', NULL, '2026-04-14 19:21:43', '2026-04-14 19:21:43'),
	(116, 'VIVI YASTIKA SARI, S.Pd', 'guru69def637b9c5c@gmail.com', NULL, '$2y$12$SHHGFZin2S.ieBpxUXmM1.Nt9hInSsXTh9/sH4HRTYBtS4F4j/J56', '["guru_mapel"]', NULL, '2026-04-14 19:21:44', '2026-04-14 19:21:44'),
	(117, 'MARIANIS, S. Ag', 'guru69def63808918@gmail.com', NULL, '$2y$12$Wy5ALL61bSTrIGfrpfkIYurbC8fKsU92iPPxM4lS/lgiczPcbfrvO', '["guru_mapel"]', NULL, '2026-04-14 19:21:44', '2026-04-14 19:21:44'),
	(118, 'MUSNIATI, S. Pd', 'guru69def63845853@gmail.com', NULL, '$2y$12$v28P8PITbYpPDN3ykKWVze/LHeE1cDIFOJPwuXs.xkJUj32jcTz3W', '["guru_mapel"]', NULL, '2026-04-14 19:21:44', '2026-04-14 19:21:44'),
	(119, 'SRI MIRAWATI, S. Pd. I', 'guru69def63885bfc@gmail.com', NULL, '$2y$12$o2Q0d0WvZHqPwVv8KLt7oenQ3GfLXHZ22GExS6NuAiHbRlXedAkN.', '["guru_mapel"]', NULL, '2026-04-14 19:21:44', '2026-04-14 19:21:44'),
	(120, 'NURLAILI, S.HI', 'guru69def638c373a@gmail.com', NULL, '$2y$12$1EWYe.4jyXxn3/gA6ZT2OO3hyq36Ai9rW0GY0Ng8hCliT5xO50avy', '["guru_mapel"]', NULL, '2026-04-14 19:21:45', '2026-04-14 19:21:45'),
	(121, 'ASNELI WARDINI, SHI, S. Pd. I', 'guru69def639089f2@gmail.com', NULL, '$2y$12$y.Okmc8w01/Sw3RQW1PoeO8ttn7JcN/O3m8NsAbNdS2srw7Vnesz6', '["guru_mapel"]', NULL, '2026-04-14 19:21:45', '2026-04-14 19:21:45'),
	(122, 'ZALMI, S. Pd', 'guru69def6393e886@gmail.com', NULL, '$2y$12$jv8yPGPBTjSAOaP7yGxVKePnMre.XocaLOY2c0cd9rdBcy.tXiM2G', '["guru_mapel"]', NULL, '2026-04-14 19:21:45', '2026-04-14 19:21:45'),
	(123, 'GUSNITA, S. Ag', 'guru69def639760ce@gmail.com', NULL, '$2y$12$5CoclWnD8WTZkylJQDiWUuXj4eyzuOtsqmKqXQb4wBSj3GnXk5Dxy', '["guru_mapel"]', NULL, '2026-04-14 19:21:45', '2026-04-14 19:21:45'),
	(124, 'NURIDA, S. Pd', 'guru69def639ad0ee@gmail.com', NULL, '$2y$12$WXUAQ8k8kMZ5ek6wr5fgiutDOD8/YFfGn4ahSAqn88btXIl3Njlga', '["guru_mapel"]', NULL, '2026-04-14 19:21:45', '2026-04-14 19:21:45'),
	(125, 'RAHMI ARFIYENTI, S. Pd', 'guru69def639e50ae@gmail.com', NULL, '$2y$12$1QOlO6ggLeZsFaJZjR7i8.adj/N3fH0ZNyXMQTe20kflnjL8LQWZy', '["guru_mapel"]', NULL, '2026-04-14 19:21:46', '2026-04-14 19:21:46'),
	(126, 'NUDDI SYARIF, S. Si', 'guru69def63a2e677@gmail.com', NULL, '$2y$12$Mx4eHDxPRS8BQECclDJyHezHVrjlDwTJ3DvIUaQzxj18owbN6V4ii', '["guru_mapel"]', NULL, '2026-04-14 19:21:46', '2026-04-14 19:21:46'),
	(127, 'HAFNITA SUKMAWATI, S. Pd', 'guru69def63a67196@gmail.com', NULL, '$2y$12$OY2gqzIqv/a.ZGsSDrNl1ue6XcmgyJbuj5uqA2gdJiQ99FwhK5mv2', '["guru_mapel"]', NULL, '2026-04-14 19:21:46', '2026-04-14 19:21:46'),
	(128, 'DAHLENA, M.Pd', 'guru69def63a9f30e@gmail.com', NULL, '$2y$12$KpeNI51VCSNeUMMAewhMSufM4rhylmyU27I8UPygZz.ykPQWB/u2y', '["guru_mapel"]', NULL, '2026-04-14 19:21:46', '2026-04-14 19:21:46'),
	(129, 'MUHAMMAD ISNAINI,S.Pd.I', 'guru69def63ad5dea@gmail.com', NULL, '$2y$12$GtHG0eND.5pJmA6C8k1RkOQUZMfKfwBH4ps8wmOZ0daNCI4vUd6bO', '["guru_mapel"]', NULL, '2026-04-14 19:21:47', '2026-04-14 19:21:47'),
	(130, 'SRI YANTI, S.Pd', 'guru69def63b1a596@gmail.com', NULL, '$2y$12$s8BCAuHPeM5t7xT/BVoO.elucLNgxrYzhUgo9vV3XIYRogZKFl17u', '["guru_mapel"]', NULL, '2026-04-14 19:21:47', '2026-04-14 19:21:47'),
	(131, 'RAMA YULISDA, S. Ag', 'guru69def63b52851@gmail.com', NULL, '$2y$12$QNrZohZua9zdlAJGQLyCxOFWGVUJ1G6CjYyVnjvlJ3fuhpLX5Ps5S', '["guru_mapel"]', NULL, '2026-04-14 19:21:47', '2026-04-14 19:21:47'),
	(132, 'SUSMANTI, S.Pd', 'guru69def63b8b32e@gmail.com', NULL, '$2y$12$SgC1rzC45TR1RnQ5Isw3uu1Yosc6BaxuljYQ2i62wwy9stSQ1GlJK', '["guru_mapel"]', NULL, '2026-04-14 19:21:47', '2026-04-14 19:21:47'),
	(133, 'RAHMI YULIA, S.Pd', 'guru69def63bc1e71@gmail.com', NULL, '$2y$12$8R73AubMefUuYyOrmVuHN.cPQboSP0NAmadRVYS5oXRoqTnJVYWIq', '["wali_kelas","guru_mapel"]', NULL, '2026-04-14 19:21:48', '2026-06-07 21:04:32'),
	(134, 'SRI NOVIA ALIM, S.Pd.I', 'guru69def63c05a08@gmail.com', NULL, '$2y$12$dtNxL3Dwe.fUMXZZKpFi4eHDefvCRtrehTJwB7kCPpMmrkDiEBzU.', '["guru_mapel"]', NULL, '2026-04-14 19:21:48', '2026-04-14 19:21:48'),
	(135, 'MUTIARA ANGELINA, S.Pd', 'guru69def63c3e067@gmail.com', NULL, '$2y$12$H/Ll/Dj8UyBFiJfnMv3QKuQKuEW59UtM9M7EJCho7YE0wkrbScoua', '["guru_mapel"]', NULL, '2026-04-14 19:21:48', '2026-04-14 19:21:48'),
	(136, 'KUNTUM ALMA LANY, S.Pd', 'guru69def63c746ef@gmail.com', NULL, '$2y$12$UaR4Y/DRaQK2It7EJxcxY.hSamzikZZRMFRO/ggOcaCtvVITBS9De', '["wali_kelas","guru_mapel"]', NULL, '2026-04-14 19:21:48', '2026-06-25 14:00:09'),
	(137, 'AMETADEVI TRESIA, S.Pd', 'guru69def63caaceb@gmail.com', NULL, '$2y$12$tv/9wEy1picx0QtE9b.5/.RbkYQhKuXuY2T6SbQmC7tlYgto32yce', '["wali_kelas","guru_mapel"]', NULL, '2026-04-14 19:21:48', '2026-06-25 14:00:25'),
	(138, 'RISA DWITA PUTRI, S.Pd', 'guru69def63ce1694@gmail.com', NULL, '$2y$12$Y064ebt8fmWdhAXRSTn/X.tHFK8iH0VQQb1cBtyvFdQl4oLWCW4WS', '["guru_mapel"]', NULL, '2026-04-14 19:21:49', '2026-04-14 19:21:49'),
	(139, 'INDRI RAHMAWATI, S.Pd', 'guru69def63d24e6e@gmail.com', NULL, '$2y$12$P29xoxk0RRYWIJwFP/ZJJum51dQSP9MrqNlSzKDFBamXap9OTeX3S', '["guru_mapel"]', NULL, '2026-04-14 19:21:49', '2026-04-14 19:21:49'),
	(140, 'ELIN NOFIA JUMESA, S.Pd', 'guru69def63d5b396@gmail.com', NULL, '$2y$12$d05FkbzWwzpKhXVXynO0xuAycKiNn722uvbblcmcnDT7RTVJV3n5.', '["wali_kelas","guru_mapel"]', NULL, '2026-04-14 19:21:49', '2026-06-07 21:04:48'),
	(141, 'BENNY WAHYUDI, S.KOM', 'guru69def63d93004@gmail.com', NULL, '$2y$12$7eyV56YQiNEUnXLJpZHI8.G2SsxpwoX1QVPGvh.CD00FSVGo.il1y', '["guru_mapel"]', NULL, '2026-04-14 19:21:49', '2026-04-14 19:21:49'),
	(142, 'ROZA IDA YANI, S.Pd', 'guru69def63dca7f4@gmail.com', NULL, '$2y$12$KcNlmNj1YuXvqKP4e.R/euAob7s7w7JINnv5ZQR6G1Pu0XY9I8t66', '["guru_mapel"]', NULL, '2026-04-14 19:21:50', '2026-04-14 19:21:50'),
	(143, 'IMALDA IFRIANI, S.Pd.I', 'guru69def63e0db8f@gmail.com', NULL, '$2y$12$qnGMIhDBX7JngAO365gF8u3ylYxG7hOsv3yr6DqGkVbdv5wGGBPIy', '["guru_mapel"]', NULL, '2026-04-14 19:21:50', '2026-04-14 19:21:50'),
	(144, 'ALMASRI PUTRA, S.Pd', 'guru69def63e499c8@gmail.com', NULL, '$2y$12$Pt7sYauLzhUZOjOBWeJaleYGgq.FQCOPjaV5c11vPrPUnmll8KWmG', '["wali_kelas","guru_mapel"]', NULL, '2026-04-14 19:21:50', '2026-06-25 14:01:19'),
	(145, 'TRI SUCI PRIMA AMELIA PUTRI, S.Pd', 'guru69def63e8255b@gmail.com', NULL, '$2y$12$5rz3w64AaG1.KdgalzFf.OT.lRDFelEQT4aslT4jCGnbGFfxgT0AC', '["guru_mapel"]', NULL, '2026-04-14 19:21:50', '2026-04-14 19:21:50'),
	(146, 'NITTO WILIAM, S.KOM', 'guru69def63ebb7f6@gmail.com', NULL, '$2y$12$Y0mjjeZNFUlIJY.uQjqZcuO0YU2pvmMrSC11uMaAQZXAyYpLOwMwu', '["guru_mapel"]', NULL, '2026-04-14 19:21:50', '2026-04-14 19:21:50'),
	(147, 'ZAINAL, S.Pd', 'guru69def63ef3846@gmail.com', NULL, '$2y$12$0.DpphLPJ3VK18mLZYThv.yx2abV20BPUj2Y/dcyI5VNzcmGEqvHm', '["guru_mapel"]', NULL, '2026-04-14 19:21:51', '2026-04-14 19:21:51'),
	(148, 'RINI AMELIA, S.KOM', 'guru69def63f3773d@gmail.com', NULL, '$2y$12$cSvx3JT9KnKBdYNpsM8A2.9S.2yz.ixAr45JedOVBR6CsoyL.Wq2u', '["guru_mapel"]', NULL, '2026-04-14 19:21:51', '2026-04-14 19:21:51'),
	(149, 'YUWENDI ZARLI, S.Pd', 'guru69def63f7076e@gmail.com', NULL, '$2y$12$LUnIPSO/ox66VW3JtLuZXe9FOFOhm55HtPnWY7WQm8ambqXnxKR8u', '["guru_mapel"]', NULL, '2026-04-14 19:21:51', '2026-04-14 19:21:51'),
	(150, 'ARJUN RIANI ASTUTI, S. Pd. I', 'guru69def63fa6a22@gmail.com', NULL, '$2y$12$FQkGxjf940HYF.2/.xT82.uxk9YsFADYMQsEcsp4Z9MAZhbTp4/A6', '["wali_kelas","guru_mapel"]', NULL, '2026-04-14 19:21:51', '2026-06-25 14:01:34'),
	(151, 'AFRILINITA, S.Pd', 'guru69def63fdd674@gmail.com', NULL, '$2y$12$DP3.DqF.M1EEQJ0O7K0BGOJ3bKCbXa7TErFBl2bbuYJtZHrYhe/Ju', '["guru_mapel"]', NULL, '2026-04-14 19:21:52', '2026-04-14 19:21:52'),
	(152, 'SILVIA, S.Pd', 'guru69def64024488@gmail.com', NULL, '$2y$12$/xhaxXH/UE40PXBIKzVKV.H8LmfG871mVWOAItlezSWZM79Q2UI1W', '["guru_mapel"]', NULL, '2026-04-14 19:21:52', '2026-04-14 19:21:52'),
	(153, 'IQBAL ARIF, S.Pd', 'guru69def640627f7@gmail.com', NULL, '$2y$12$bJUVcYNQlye9lvf5zC0UnO9IpGijIr36TBzv9u0BOVgXuB22zJ11S', '["guru_mapel"]', NULL, '2026-04-14 19:21:52', '2026-04-14 19:21:52'),
	(154, 'DARWIMAH, S. Pd', 'guru69def640a3b79@gmail.com', NULL, '$2y$12$CW2MBPOQQ2ZAlc01DdTa.e1sQxs9GXdB8GrLGDdR9W.0V22Crs8sS', '["guru_mapel"]', NULL, '2026-04-14 19:21:52', '2026-04-14 19:21:52'),
	(155, 'DESMALIDAR, S.A.P', 'guru69def640e3160@gmail.com', NULL, '$2y$12$ejWWQyBKZz67qc71xp.qp.UBDMRVcb1iIhLjJs66zoSDEP4hCSuwu', '["guru_mapel"]', NULL, '2026-04-14 19:21:53', '2026-04-14 19:21:53'),
	(156, 'MONDRA SEPNITON, SS', 'guru69def6412ff56@gmail.com', NULL, '$2y$12$NhcchRUVNALBuC7lkptdeut/5qK3NytCAcUybXWrH6ODq906D8AHe', '["guru_mapel"]', NULL, '2026-04-14 19:21:53', '2026-04-14 19:21:53'),
	(157, 'DONA GUSTIA, S. Pd. I', 'guru69def641708ac@gmail.com', NULL, '$2y$12$vdMKwqbI9lrzzyTbPFT9COOj4N5qn5wRVB7hVPOZF4gcMr02/Ny8K', '["wali_kelas","guru_mapel"]', NULL, '2026-04-14 19:21:53', '2026-06-25 14:01:47'),
	(158, 'ISHAQ HALIM, S. Ag', 'guru69def641b1c44@gmail.com', NULL, '$2y$12$FfmgUP/V9kfiHUy/TqSA1.4xbYaWETbWCf2GhXTxvvcU6IqKPqpue', '["guru_mapel"]', NULL, '2026-04-14 19:21:53', '2026-04-14 19:21:53'),
	(159, 'IHSAN, M.Pd', 'guru69def641f2cf1@gmail.com', NULL, '$2y$12$7VeNGmVBbjf.zrHTH6kbUuxS9ONspu62UktMHeo6zRaGHCON4SPZe', '["guru_mapel"]', NULL, '2026-04-14 19:21:54', '2026-04-14 19:21:54'),
	(160, 'DILLA OKTAVIANA, S. Pd', 'guru69def64240e55@gmail.com', NULL, '$2y$12$RgM9u6LqClkA1SB5cp4CB.E2yCH4ZW3c.POcfnQneYHXjo6.x0AtK', '["guru_mapel"]', NULL, '2026-04-14 19:21:54', '2026-04-14 19:21:54'),
	(161, 'SYUKRIADI, SS', 'guru69def64285299@gmail.com', NULL, '$2y$12$.aAXb0j0Rm6G/PQSf5u.1uWnKrMEQrzSfo8DtmHTLjaPEEdzW2d7a', '["guru_mapel"]', NULL, '2026-04-14 19:21:54', '2026-04-14 19:21:54'),
	(162, 'SYAFRIZAL, S. Pd. I', 'guru69def642c6428@gmail.com', NULL, '$2y$12$dhmuTB8wgQ2H51J5aci5yO2RNXLv6FNSnY9yv8Y9apXbiWWN60.0G', '["guru_mapel"]', NULL, '2026-04-14 19:21:55', '2026-04-14 19:21:55'),
	(163, 'RANI WAHYUNI, S. Pd', 'guru69def6431698c@gmail.com', NULL, '$2y$12$38EFgNZN7jFPEM7mrL9CfOW/d4Ebtv6K9.kVUGdZt6e6fVMELYZJm', '["wali_kelas"]', NULL, '2026-04-14 19:21:55', '2026-06-22 07:26:56'),
	(164, 'YUTNITA, S.Pd', 'guru69def6435cad9@gmail.com', NULL, '$2y$12$J7AtGkIad6Z9t.eQiaxVj.VH8mcQM4ss8VTC./d.IWVXPkz28IZrK', '["wali_kelas","guru_mapel"]', NULL, '2026-04-14 19:21:55', '2026-06-25 14:02:27'),
	(165, 'DORI EKA PUTRA, S.Pd', 'guru69def6439ea9b@gmail.com', NULL, '$2y$12$7WBzD7lWeD5L7Bz3XD35uupW3lYqHaX55OHv.wQCCMfWRDslfAe1q', '["guru_mapel"]', NULL, '2026-04-14 19:21:55', '2026-04-14 19:21:55'),
	(166, 'MUHAMMAD IKHSAN, S.Pd', 'guru69def643db1cf@gmail.com', NULL, '$2y$12$AJCd48LahHTtuq/O0rlRXOhAoxtSK6mVRAlMERV9mPyFtWAJAUh9y', '["guru_bk"]', NULL, '2026-04-14 19:21:56', '2026-06-22 07:26:41'),
	(167, 'LIA APRIANI, S. Pd. I', 'guru69def64427749@gmail.com', NULL, '$2y$12$WaRDiY1Obx55LAblcO4z6uLgI0DjgY0ltQiUlP0nqHL0ojliKaCM6', '["wali_kelas","guru_mapel"]', NULL, '2026-04-14 19:21:56', '2026-06-25 14:02:40'),
	(168, 'RICE MAI YUNI, S.Pd', 'guru69def6446a5bb@gmail.com', NULL, '$2y$12$eVdITUeWi4hDW9lPTKyhV.qeeGlCHpKZSXK4SKYDjBZulvwh4uYO6', '["guru_piket"]', NULL, '2026-04-14 19:21:56', '2026-06-22 07:26:24'),
	(169, 'GUSNELI, S,Pd', 'guru69def644ad5c9@gmail.com', NULL, '$2y$12$EuMLQTk.kjGEp.Okg6FPHOzZntg4FqxaGAiN4LsTS6Srut/O7C42G', '["guru_mapel"]', NULL, '2026-04-14 19:21:56', '2026-04-14 19:21:56'),
	(171, 'JEFRI YULIANDRI', 'jefriyuliandri@gmail.com', NULL, '$2y$12$vZb2T2HVFNTjt77fO.a9bOYZ.zhPPMFZNouBsrks0c3t/D/nZnlF6', '["guru_mapel"]', NULL, '2026-06-04 10:56:34', '2026-06-07 21:00:55');

/*!40103 SET TIME_ZONE=IFNULL(@OLD_TIME_ZONE, 'system') */;
/*!40101 SET SQL_MODE=IFNULL(@OLD_SQL_MODE, '') */;
/*!40014 SET FOREIGN_KEY_CHECKS=IFNULL(@OLD_FOREIGN_KEY_CHECKS, 1) */;
/*!40101 SET CHARACTER_SET_CLIENT=@OLD_CHARACTER_SET_CLIENT */;
/*!40111 SET SQL_NOTES=IFNULL(@OLD_SQL_NOTES, 1) */;
